0,1
ACTCATGTTGACCTTGGTTGTAAAGAGAGAGCAGGCGTTATTATTTTCAG,ACAGGGGCGTTATTACCAGTTCAAGCAGGGTTTGTAAGCTATTATTGAAC
ATTGCTGTAGATTGATATTTAATATATTAGCGTAACTGTTATGCTGTTAT,TCGACCACTTTTTTATCCAAAGTTTCGGGCTGTTATGTTTTAATGTGCAA
GCCGGGCGAGAGCAACATTGCTGTAGATTGATATTTAATATATTAGCGTA,TTACAGGCGTTAGATTTACATACATTTGTGAATGTATGTACCATAGCACG
TCATGTTGACCTTGGTTGTAAAGAGAGAGCAGGCGTTATTATTTTCAGCA,CTGTGAATGTTGTCTTTAATCAATTGTAAGTGCATGTAAAATACCACTTT
ATATGCTCGCGGGCTTGCTATCTCGCTGACGGACAGGCAAATTGATGACC,TTTGTTTTTCACGCGCTTTACAGCCCGAAAAGGCCGGAAGATACTTGCCC
TACATGTTAGCTGTTGATTATCTTCCCTGATAAGACCAGTATTTAGCTGC,AATGGGCAAGGTGGGCTTGCATTTGCTTAATAGAAAGGCGTTAATAGGCA
AAAATGGAAATTGTTTTTGATTTTGCATTTTAAATGAGTAGTCTTAGTTG,ATATTAGACGTAAATATTGAAATTTTTATATTTTTTCTTATTTAGGCTTT
TTTGGGTTGTTATCAAATCGTTACGCGATGTTTGTGTTATCTTTAATATT,ATTAGACGTAAATATTGAAATTTTTATATTTTTTCTTATTTAGGCTTTGC
TTTTTGTAAACAGATTAACACCTCGTCAAAATCCTGCTATTCTGCCCGTT,CAAAATTTTGAGGCATTTTGCCGACATCGTAGGATTTTTAATATTACACC
ATGTAATGCCTCCTACTGACCAAAGAATACTTGCACTTAAGGTTCAGTAT,CCTGTTTTTAAAGCAGAGTTCCTCATTTAACGTCATTAATAAAATGTTCT
TAATTCTGCCTCTTTCAACCCGCGTCAAAATAAAACAGTAGAATATTAAT,GCAATTTGCCGTTGACACATTCGGGCGGAATTCATATGATGCCGCCCGTC
GGTCAATGGTCAAAAGTTAATAAACCCATTGCTGCGTTTATATTATCGTC,GTTTTCCAAAATTGTTCATTTGCCTGATTTTTCAGCGATTGAAACTACAC
TCGTTGCGCAATCGTGGATTTTTACCCTGCTTTGTTTTTATAATGGTGCG,CACGTTGCAATTTGCCGTTGACACATTCGGGCGGAATTCATATGATGCCG
TTATCACATTTCAATTGCACATTAATGGATATTCTTTAATAATCTCGCGA,GGGCCGTTGCCAGCGCCTGTGCCGCCAACAAGCTGGCTATCATAATACCC
CAGTGATAATTATCACATTTCAATTGCACATTAATGGATATTCTTTAATA,AACTATATTTTTTTGCCTGTCTGGATCACATAATCCAGATATTTTCCCTG
ATTAATGGATATTCTTTAATAATCTCGCGACGTTTCTTTATGATAAATAA,TGCCGGTATGGGTTTTGAAACCTATGCCATTGCCAGCGCCATCATTGGCG
CTTTTTTCTCCATTGAACTTTCAGTTTCTTTTCTATAGATTTTAATCAAC,CTAAAAAACCAGAAAAACAAATAACATCATGTTTTTAAACTAATTAAATG
AATGGAAACGCATTAGCCGAATCGGCAAAAATTGGTTACCTTACATCTCA,ATCATCTAAAAAACCAGAAAAACAAATAACATCATGTTTTTAAACTAATT
TTAGATCAGGTGATTGCCCTTTGTTTATGAGGGTGTTGTAATCCATGTCG,CACACCTCTTTGCATGATTATTCGAAATTAGTGTATTTTTATTCTGTTTT
ACTATATAACATTGCATGTAAAGCATATACACCTCATTATTTTGTCATTA,GTTTACCGTTTATTAGATGACAGATTATGCGTCTTTCGCTAAAGTTTCCG
ATAAAAATTTTTCACTAATTGATTAGTCATAGCCAGCGATATACGCTATG,CTGCTATCCTGACAGTTGTCACGCTGATTGGTGTCGTTACAATCTAACGC
AAAATTTTTCACTAATTGATTAGTCATAGCCAGCGATATACGCTATGCGA,TGATTATTGATTTGAAGATAATGTTTTACTACCAACGGTAAAAATCGGTC
ATTGTCCTTTCACGATTCCGTCTCTCTGATGATTGATGTTAATTAACAAT,AATTGTTTAACGTCAAATTTCCCATACAGAGCTAAGGGATAATGCGTAGC
TTTTAACCTCACTGCGTTTTCAGTAACTCTGGTGGCCGTTATTTTATCTC,ACTGGATTTATTTATCTGGTGAATGACTCGCCTTCGTTTTTAAAATAGCC
AGGTATGTAACAGACCATTGACTGGCTGAATGGTCTGTCATACTTTGTTA,AGCGGATCCTACCTGACGCTTTTTATCGCAACTCTCTACTGTTTCTCCAT
GGTATGTAACAGACCATTGACTGGCTGAATGGTCTGTCATACTTTGTTAC,CTGTTTCCGACCTGACACCTGCGTGAGTTGTTCACGTATTTTTTCACTAT
AATTAGCCAATATCTGACGAAAATCGGTTGAAAAAGTGGCATAATGGGGA,GGGCGAATTATCTCTTGGCCTTGCTGGTCGTTATCCTGCAAGCTATCACT
TAACCTCTTTTGAATCTGAATGAGTCGATGGCTCGCGAATAATCCGATTA,GGCCCCTCTTAGCCTGTTATGTTGCTGTTAAAATGGTTAGGATGACAGCC
ACATACATATAATAATTTAATCTTAAATGAAATTTATTAAAATTTGCAAA,GTCCGGCCCCTCTTAGCCTGTTATGTTGCTGTTAAAATGGTTAGGATGAC
GCACAACAATCGCAGTTGCAATTATTGCGTACAGCCAGTACATTCTGGCG,AACGAAGCGTAGTTTTATTGGGTGTCCGGCCCCTCTTAGCCTGTTATGTT
AAATAATCAATGTGGACTTTTCTGCCGTGATTATAGACACTTTTGTTACG,TAGCATTTAGATACGATGATTTCATCAAACTGTTAACGTGCTACAATTGA
AACGGTAAACATTCTTTTTATATTCACGGCATTACTGATAAAAAAGTCGC,ATAAATCTCGACAATTGGATTCACCACGTTTATTAGTTGTATGATGCAAC
TTTGTTTTTCATTGTTGACACACCTCTGGTCATGATAGTATCAATATTCA,ATAAAAAATAAATCTCGACAATTGGATTCACCACGTTTATTAGTTGTATG
CACACTAAACTCTTCCTGTCTCCGATAAAAGATGATTAAATGAAAACTCA,CGCAGAAAAAGCCCTTTACTTAGCTTAAAAAAGGCTAAACTATTTCCTGA
TCAGGGCTGACTGTTTGCATAAAAATTCATCTGTATGCACAATAATGTTG,CGTTAAGAGTGGTTGTTGATTTTTTGCACTGGCAGGATTACACTCGCGCC
CGCCACGCGCACGTTGCTGACGAAAACAGCCATTTGCAGTATACTCCCGC,CGCTGATTTCTGATTGCCATTTAGTGATTTTTTATGCATATTTTGTGGTT
TCAAAAGCCATTGACTCAGCAAGGGTTGACCGTATAATTCACGCGATTAC,CCTTACGGCTGGTGGGTTTTATTACGCTCAACGTTAGTGTATTTTTATTC
GGCAGCGTACTTACCCCGCACTCCATTAGCGGGTATACTCATGCCGCATT,ATTGTGAAATGGGGTTGCAAATGAATAATTACACATATAAAGTGAATTTT
AAAAAGGGACTAGACAGAGGGGTGGGAAGTCCGTATTATCCACCCCCGCA,TTTATGCTTTAGACTTGCAAATGAATAATCATCCATATAAATTGAATTTT
CGCAACAAGCTGGTTGCAAAACGATTGATGGATACGGCATGTTGTTGTGG,ATTAATATTATCAATTTCCGCTAATAACAATCCCGCGATATAGTCTCTGC
TAGTGTAAAACCCCGTTTACACATTCTGACGGAAGATATAGATTGGAAGT,ATGTACGAAATATGGATTGAAAACTTTACTTTATGTGTTATCGTTACGTC
AATGTACTAGAGAACTAGTGCATTAGCTTATTTTTTTGTTATCATGCTAA,CGTGTTTCATCTATTTGACGCGCGCAGGTATTTAGCATACAAGGAGTACC
GACACACCTCGCACTTGAAATCAGCAGCGATTGGTTTATCGTGATGCGCA,GGTGATTTATTCAGTTGCCAAACCCGCTGGAGTATTGAGATAATTTTCAG
TATTATTTACACTTCATTCTTGAATATTTATTGGTATAGTAAGGGGTGTA,CATAAAGCGGGTGCATTCGCTGCCGCATACCATTATTCTTGATCTGACGG
GCACAAGTAAGTGTCAGCAGTGGTGCTTCACACTTGCCCGGTAATTAACG,GCCGCATACCATTATTCTTGATCTGACGGAAGTCTTTTTGTAACAATTCA
TCATATATGTTTTTGACTTATCCGCTTCGAAGAGAGACACTACCTGCAAC,AGTTGTAATCATATTAAATTTTTTCACTGTTCTGATAGTTAAAATTCAAG
ACAATTCACTCTCTTGCTTATTTAGTGACAACTATTCATGATTTTGTGAA,TGTCTGTTAATCGCATTGACGCCAAAATAACTTAATGTCATACACTTCAC
TTTATTGAATGATTATTGCATGTGTGTCGGTTTTTGTTGCTTAATCATAA,ATTTAATCATGTTTATTGCATATAAATTCACTTGATGGCATTGTTATCCC
AAATTTAGTGTTGACAGACAAGGTACCGCTAAGTAATATTCGCCCCGTTC,TAAAGCAGAAATATTGCATAATTATTCTGTCAAAGGTACTATCTTCGACC
AAAAATCGGGTTTGACAAAAGATTTTTCGCCGTTAAGATGTGCCTCAACA,CCGCCGATTGTGCAAGGACAATCGGCAAACGGTGCAGTACACTGCGTTGA
ATTTCACCCTTTGACATCACCATGCACTGCCATTAATATGCGCCCCGTTC,AAAAGCCTAACTCACTTTTGATTCATTAAAAAAGAAGGCTAAAATAGAAT
AGAAAAACCGTTGACGAAGGTCGAGGCAATCCGTAATATTCGCCTCGTTC,AAAGTGATCCAGATTACGGTAGAAATCCTCAAGCAGCATATGATCTCGGG
GTTCAAAGCCCTATGTACAGAACTCAATGCACAAGGCAGTATTAACGTCG,AACCCTGCAATCTACATTTACAGCGCAAACATTACTTATTATTAACATAT
TCTTGTGACCTTCTAAATTGATTCACATGCTAAATCTGATAAGTTTTAAT,GACACCATCCGTGGCTTTAAAGGCATCATGGAAGGCGAATACGATCACCT
ATTTCAATGGTAGGTTTATTTCTTAGCTTTCGCTAGTAAACTGATAATCA,TTTGGCTACTTATTGTTTGAAATCACGGGGGCGCACCGTATAATTTGACC
GGGAATTTGCTCACTTTTTGACTTTCCGTTACGCAACAGAAAAAGTTAAA,TTCGATTTATTGCGCTATCTCTGTGGCAGGATTGTGAATAAAGTGTCAAC
CGCCCATAAGGACTCCTTGATTTATTATGTAACATGCATTACAAAACTGT,TTGTATCACATAAAGATTGATTTTTGTGATGGTTGTCATATTATAAGCGC
AAGCGGTTATTGATTGGACGTTCAATATAAAATGTGTCTTAATTGTTACG,TGGATGGGCGGTGAAGAGTTGATTCTGACGCCCAAAGAATATGCTCTGCT
AACTGAAATTTAAAGATTTTTAAATTAATTAATGATTGTTATAAAAAATA,CTTGACAGCTATTTTTGATATGATTTGAGATTCAACTCTCAAATTTGTGA
TTATAAAAAATATCTTGTATGTGATCCAGATCACATCTATCATTTAGTTA,TCCTTGGGGTGCTCTTGACAGCTATTTTTGATATGATTTGAGATTCAACT
GTCATAATCGACTTGTAAACCAAATTGAAAAGATTTAGGTTTACAAGTCT,CCGTGTGCTGACTTCTCTGGTTTCCTGGGTTGTATCGTTTATTCCGCGCC
AACACTGATGCGAGGCCTGTGTTTCAATCTTTAAATCAGTAAACTTCATA,TGTTGACAGAAAGTTAAAACAGTTTTGTAATGCATGTTACATAATAAATC
AATAGCCATACTATTTAATTGCAACAAGGCTGGGAAGAGGAGGATCGAAG,TGAAGTCCATCCAGGTTGAGATGGCTAAATTCCAGTCCATATTCTAACCA
TGTGAGCTACGTCTGGACAGTAACTTGTTACAACCTGTAGCATCCACTTG,AAGACACATTTTATATTGAACGTCCAATCAATAACCGCTTTAATAGATAA
CAGGATTTAGCTCACACTTATCGACGGTGAAGTTGCATACTATCGATATA,TAAACGGAGTGTGTTTTTTGACTTACTCGTAAGCCGTTCTACTCTTCAAA
ATCCCGCCATTAAGTTGACTTTTAGCGCCCATATCTCCAGAATGCCGCCG,GGTGGCGAAAAAATATCACAAACTAGAATAGCGCCTTGTATAACAATTCA
GTAAGCAGATTTGCATTGATTTACGTCATCATTGTGAATTAATATGCAAA,GGGCTTCTCCAAAACGTGTTTTTTGTTGTTAATTCGGTGTAGACTTGTAA
TACGGCATAGTTCTTCACACTCCCTTCACTTACCCCGCTTAAATTGGCGC,TAATAACCTTTTTATTCTTTGCCACGGGTTCCGTGGCGGGAGATTATGCC
GAGATTCAGATCACATATAAAGCCACAACGGGTTCGTAAACTGTTATCCC,ATAACCTTTTTATTCTTTGCCACGGGTTCCGTGGCGGGAGATTATGCCGC
TTTTTGCTTTGGCAAATTGCCTATGCCGAACTTTACTTTACAGATGTTCT,TAAACACGTTTCTTCATTGTTAATCCTTAATAACCTTTTTATTCTTTGCC
AGTAACTTTTTGCTTTGGCAAATTGCCTATGCCGAACTTTACTTTACAGA,GTTTTGGTATTAAAAGAAAGACACAAGAAGATATGTCTGTTACCGTCTTA
CTTGCCTAAGAGTATTGGCAGGATGGTGAGATTGAGCGACAATCGAGTTA,TGTTATGATAAAACATATTGCATCATTTAACTGACAATCTATACAAGATT
CATCGACCCGCCTCTTTTTTAATCGCTTCCCGCCTGTTACACTGGATAGA,TAGCTGAAATCTTATTTATACTTTGTACAATTTTAGCGTATATTGTACAA
CATAAAAAACTCTGCTGGCATTCACAAATGCGCAGGGGTAAAACGTTTCC,CCAGCGTTTTTCCCCGGATATGACGCCGGAAGATCCCATTGTGATGGAAA
AATGCGCAGGGGTAAAACGTTTCCTGTAGCACCGTGAGTTATACTTTGTA,TAGCCGCAAAAAGACGGTCTATGATTAAAAGCTAAGATTTTTACTGACCA
AAAAGTTTTGTGCATTTGAAACATTACGCTTTGCAAAGGATTTTCATGGA,GACGTTAGCCGCAAAAAGACGGTCTATGATTAAAAGCTAAGATTTTTACT
TGGAGTTTGTTATTGACGTGTTACAAAAATTCTTTTCTTATGATGTAGAA,TTCACCTAATCTTTAGGATTAATCCTTTTTTCGTGAGTAATCTTATCGCC
AGCCTCTTTCGGTGTTAGCGTAACAACAAAAGATTGTTATGCTTGAAATA,AATAAACCCATCTATAGATGGTAAAAATAGGTTGTGGCAATTATCATTGC
GCGAGCCGTCAAGCATTTGACAGGGGACAAGGGGCAGGTATGAATCAAAA,ATGTGATACCAATCACAGAATACAGCTTATTGAATACCCATTATGAGTTA
TGCACACAACGTTAACGATTTGTGGCGTCGGCGCGTATAATGCGCGCGGT,AATAAAACGAATAACTTGCAGATTTGAAATGCATGCATTATTGTCTTTAA
AGTGGCAGCAACATATTGCCAATCACTTTTTTCAGTGTAAAAAGCATCCT,TGCGGGTTTTTATTATTTGTTATGCCGGGCATTAGACTTTAACAATAACG
CGATGTTGTTGGTGATTGTCAGGGATAGTAAAGCGCGTTACTCTTTTCAG,ATAACATATTCTGTGTTGGCATATGAAATTTTGAGGATTACCCTACACTT
ATCCCTGAATATTTGCCATCAGCGCATTCTTATTATTGTAATAACACAAG,ATCAAAAATCGCTCACCCTTTTTCACCTGTTTAAAATATGTTCAGCAACC
CAGTTTTTCATCCCTGAATATTTGCCATCAGCGCATTCTTATTATTGTAA,GCCAGATCCCGCTTCGGAGACTATTCTGGAAACGGTGTTATGAAATACAC
GGTGCATGTTTTCACTTGTCGGATATTAAACCAGGAATTTATTATCTTGT,GTAATTTAATTCATATTGAAGGGTTCTCGTAAAACGTAAATAATTCCTGC
TCCCCACGAAAACGATTGCTTTTTATCTTCAGATGAATAGAATGCGGCGG,TTTAACATTTGGATTGATAATTGTTATCGTTTGCATTATCGTTACGCCGC
TTCTGTTGCGTGTTGACGGCAAAATTTTGCTGGCGTAACATGCGCGCACG,TGCGGATATAAAATTTAACATTTGGATTGATAATTGTTATCGTTTGCATT
TTTACACCCCCTGACGCATGTTTGCAGCCTGAATCGTAAACTCTCTATCG,CCTGGTTTTTAGCACAGATTTAATTATTTAAGCACTTGATAAATTTGGAA
CGGAAATAAAAGTATTGAGATTTTGTTCTTAATCAATATGTTATTTACCG,TACGCCCTGATTGTCTTTTGTTACTTACACAACAATTCATTATTTTTATC
GTTAAGGTACAAGTATCTTGAAGGTTCATTTCAATCATGTAATATGTACA,TTGCTGCCGTATTATTGCCGGGTATGCATGGTGTGGCTGCTATGGTGGTG
AAGCGAGACACCAGGAGACACAAAGCGAAAGCTATGCTAAAACAGTCAGG,ATTCCGTAATGCCATCTTATTTCGTAATGGATTGAGAATGCTGGATTTTT
AAAGCGATTAATAAATCTTAATAGTATTGATTAACAGGCTAAAATTAACG,CAGTAGCATTAATTCATTATCTGAATGAAATGTGTCAATCCACAGAAACC
TGAAAAATAATTGTTGCATCACCCGCCAATGCGTGGCTTAATGCACATCA,GTACATATTACATGATTGAAATGAACCTTCAAGATACTTGTACCTTAACG
CGGTTTGACGTACAGACCATTAAAGCAGTGTAGTAAGGCAAGTCCCTTCA,CCCTGCTGTTCTTTGGTTAAAGAGTCCCAATACGCTTTCATACAATATGT
GGATGCGCTTTCAGTTTTGAGACAAATGAAGTTTTAGTAACTTCTTTAAA,TTTATGGGATCTGGACTGGTGAACGGAGGTGATTATTTTTATAATAACCT
AGTAAAGTTACACTGGACAAAGCGTACCACAATTGGTGTACTGGTAACCG,TTTATTAATTTCTTGACCTTCCCCTTGCTGGAAGGTTTAACCTTTATCAC
GCAATCATTAACGCATAGTTGAACATATGAAGCAATGTTTATTTTAGACA,GTGATAGTGTCATCATTTTCAAAGCGTAAAATTGTGGCATTCTTCACTGT
GAATAAGTGAATAACACCTGAAATGAGAACTGCTTTAGTAAACTACTTCG,TCCTGCGGCAACCAGCATTGCCACCTCCTGTCAGAGTCGTAAAATTCGCC
TGCTGTGTTGTTAAATTGTACAAAGATGTTATAGAAACAAAATGTAACAT,TAAACACGTTGACGTTGAATACCGCTTCTCTGCCGAGCCTTATATTGGTG
GTTAAATTGTACAAAGATGTTATAGAAACAAAATGTAACATCTCTATGGA,CCCCTGTCAAATGCTTGACGGCTCGCCCTAATTCTCTAAATTGTATTTCT
TGGCAAAAAAACGTGCTTGAATATCTGTTGAAACCCTTTAACAAAGCACA,ATGCTGTCTGTCTTTCAAACCGACGCAGCTATTAACGCATGATAATTGAG
TCATTTTTCTGTCACCGGAAAATCAGAGCCTGGCGAGTAAAGTTGGCGGC,AAAGAAGGGGATAATGCCTGATAATGAGAACTGCTTTAGTAAACTACTTT
GTAGCGCATCTTTCTTTACGGTCAATCAGCAAGGTGTTAAATTGATCACG,AGCCAGTGTGAAAGGCTGGGTCAGCGCGAAATTGCAATAATATAAGCGTC
TGGGCTTTGGCGTGTGGCAATTCTTAAAACATTGTCTAACATGCTTGTTA,TGTGTTTGTCATTGCTTACTTTTTGGCGTTATATGATGGATAATGCCGGG
TTTAATGAAATTTTGAGAAAAGCCCGTTATGTTAACGGAAAATTATGTTA,TTGTCTGTAAGCGCCTTGTAAGACTTCGCGAAAAAGACGATTCTATCTTC
CAATGTATAAGTCTTGGAAATGGGCATCAAAAAGAGATAAATTGTTCTCG,CTCATGTGCATGATGGATTGGAAAATAATTTCTGAAGACTATACTCGCTA
CTTCAACAAAAACCTGTTTATTGTAAGGATTTTGCGGCGTAATATATACG,TTTTGCCAATAAGCGATTGCCATCTGATCCCGCTACTCTAGAATTGCCCG
AGAGATAAATTGTTCTCGATCAAATTGGCTGAAAGGCGGTAATTTAGCTA,TTTCTTTCCCGCCGACTAACATCCTTCCCCCGTCCGTTGTATAGTGACCT
GTTCTCGATCAAATTGGCTGAAAGGCGGTAATTTAGCTATAAATTGATCA,CCATTGAAGAGATCGTTGCCAGCGAGCAGTCGGCGTAATTAAGGAGTAAA
AACCTTTCTTTACGCCGTTTTTGTGTGCATTCACATGGTATGATGAAAGT,GGGAAGGAAATCCCTACGCAAACGTTTTCTTTTTCTGTTAGAATGCGCCC
CATAAATGAGACTTTTACCTTATGACAATCGGCGAGTAGTCTGCCTCTCA,GGAAGGCACTCAGTTGACGATTAGCGGTCATCCTGTTCTTAAAATGTAAA
CTATAAATGATATAGTGGTTATAGTTAGCACCTTTTTTATTATTAAATCG,GCAGAGGTGCAAACTTTGAAGCCCTGACCCCATGCCGCTATACTGCCGCC
TTATCAGGTGCCGTATTCATGGGATTGGGTTATTGGTATGCTACGCCGAA,TACAAATCAGTAACAAAAGTAAAGAAGGCGACACCATGCGACTATGGGTC
TGCTAAATCCTTACTTCCGCATATTCTCTGAGCGGGTATGCTACCTGTTG,CTCGCCGATTGTCATAAGGTAAAAGTCTCATTTATGATGAGTTCCATTGG
CATAAACTTTAAAAACTTTACCAACTTACGGTTTCTTTAAGTTTGTGTGT,AGGAATTTAATCATGTTTACAGTAATGTAACCTTCCCGTAAAATGCCCAC
TGAGCCAGCTCACCATAAAAAAGCCGCATGTTGAATAATATTTTCAACTG,GGAACATGACGGCGTTTGTCTTCACCGTGCTAATCATCGCTATCCTGGTT
AAAAAAGCCGCATGTTGAATAATATTTTCAACTGAGTTATCAAGATGTGA,TCTAATTGGTAATTTCATTCGTTCTCTTACGCTCCCTATAGTCGAAACAT
GTTGAATAATATTTTCAACTGAGTTATCAAGATGTGATTAGATTATTATT,TATCGCTATCCCGTCTTTAATCCACACCGTTTGCCCCGTTAACCTTACCT
TCAGCGTTTTTGGCTGGCGGCGTAGCGATGCGCTGGTTACTCTGAAAACG,ATATAAAACCGTTACTCCTTTCACGTCCGTTATAAATATGATGGCTATTA
ATCGACTCATGCCTTTCACTGATATCCCTCCCTGTTTATCATTAATTTCT,ATGAAAATTCTGTAACCGTTTTCACGCGCTATCTGCTAAAAATGTTGCCG
ATTATCAAACGTCCATTGCTCTGCGTGCCCGGTAAGCCTATGCTGCTGGG,TCACGCGGAAAGTCAGATGCCTGCCGGTAGTGCATTTGCTATAGTAGGGC
CATAAGCGCATATTTTTTAATGAAAAATCACCTCACCTACAATTAAAAAC,TAATGTTGGTTCGTTGAAATCGGCACCGTCCAGCCATTACACTCTGCAGC
TTAAACCGCACAGAATAAATTGTCGTGATTTCACCTTTAAAATAAAATTA,CGATCTGAAGTAATCAAGGTTATCTCCCGCAATGGTTTATCGTTGCGGGA
ATTGGTCAGTGATGCTGTCAATCAGAGGGGGATTTGTCTAGAATAGAAGA,GGAACGTCTCGGGCAGTTTAGTTCTGCCGAAACGCAGCGTATTATAACCC
AATCTGGTGTCTCATTGTTAGCCGTCTGAAAATTCAATAACATCAAACTG,ACGGTTCTGTCTGCTTGCTTTTAATGCCATACCAAACGTACCATTGAGAC
GCATCAGGCTTACGTGTGATGTCCGGTTAACTCGTGGTATGCTGCTGCCG,AAGTGCATCAGCGGTTGACAGAGGCCCTCAATCCAAACGATAAAGGGTGA
AGAAACGTTTTATTCGAACATCGATCTCGTCTTGTGTTAGAATTCTAACA,TATGATCCAGGTACATTTCTGTGATGTTGTCTGGGTGTTATTTTAAGGCC
TTGTGATGTGTATCGAAGTGTGTTGCGGAGTAGATGTTAGAATACTAACA,TAATCGTACAGGGTAGTACAAATAAAAAAGGCACGTCAGATGACGTGCCT
GTTAACGTCACCTGGAGGCACCAGGCACTGCATCACAAAATTCATTGTTG,GAATTTATGAATAAATTGCATGTGATTCTCGGATTATTGCATCTGAAGAG
AAAATGCCACAATATTGGCTGTTTATACAGTATTTCAGGTTTTCTCATGG,TCATTCTTACTCCCTTTGAATTACCCGCCTCATCAGAGATAATGCTTAAG
TGGTGTTAGGCACGGCATTGAATGACAGGTATGATAATGCAAATTATAGG,GGAACTCTGGCCTGGTTGAAAAGCGTGGTTGATGACTGGTATTGTGCGCC
TTCAAAATATTCACTCGCTGAATTGTTATACAAGGCGCTATTCTAGTTTG,TTCTATGAAAATATTGACGTAATTTTGCTTTTCTCTCGTTAGAATAGCGC
GTGCAAAAACCGTAGTTTGCCATAAGCATGATGGAGAGAGAAAAAGAATG,TAATGCTAAATCGTATTGACTATGTTTTTGTTAACATCTATCTTGTTAGT
TTTGATACCGAACAATAATTACTCCTCACTTACACGTAATACTACTTTCG,TCGTTTCTGAACAAACTTAATAAACCATTATTATAAAATTAACATATATA
GGCGGCCGTTGCGCCGTTGCCGCGAGCTCACTTTACCAAACCGAATATTG,TTGCAAGGACGTGCTGGTTTTATAACCTGCATGTACTGTATGATTATCCA
GACAGACGGCGACTTTTATAGAACAGGCAAAAGTTCTACAAGAACCCCCT,TTACGTTTAGATAATTGCTATCCGGAAAAGCATCTGCTATTTATAGCGGC
AGCAATATTGCGGCGCTACGCTCAATGAAACATTTAAATACTATACGACA,CACTGCCGGTTACATTGTAGTAAAGTAAGTAACTGGTTAATTTACATTCT
CAAATTTTATCGTTTGTCAGCCTGCGTTGTTTTTTTGTCCAATATCATCA,CTCACTTCCTGACCATCAAAATTGACAACATCACCATCCTATAATTGACT
TAGTGATGCTGAATAACATAACCCCATGATATATCGATAAAATAATCTCT,AAAATCTGTGAGAAACAGAAGATCTCTTGCGCAGTTTAGGCTATGATCCG
GGTCAAAGTTTGGCCTTTCATCTCGTGCAAAAAATGCGTAATATACGCCG,TGGTCACCATCGACAATATTCAGAAGACGGTGGCGGAGTACTACAAGATC
CAACTCAAGGATTTAACAGCGACAACAACGCATTACACCTTTTCTGGCAG,CCCGGTTGGCTGTATTGACGTTTTCACATTCTGTTGACAGATTGTAGGTC
GTGAAAGCACTGTTGAAAGATAAAGAGATCAGCGAAGACGACGATCGCCG,GGGCTGGATAGCAACGCTTTGATAACAACTTACCGGGCATATAAATGCCC
ATTTTCGTGATCCAGTTAAAGTAAATGCATTTACCTGCTACTTTTTAGTA,GCAGGCTGACAAACGATAAAATTTGCCTTTCACATGAGGTAAATTGCATC
TTTGCTCTCTCATTAGAATTTAACACTAAAAGAGCAGGTAAAATTGTCTG,ATATGGCGAATATTTTCTTGTCAGCGAAAAAAATTGCGGATAAGGTGATG
ACGCAAACTCTTGCTTAGTTACAACATACTTTAAAGGGATAGTCTCGTCA,GCAATCAGACAGCATATTGCATAAATAATCAGATCTGTATCAAAGTTTTA
GCGCTGCGTCCGGCTAACAGTTTTTCCTCCGCGTCTATATTCAAAAGACG,TGCAATCAGACAGCATATTGCATAAATAATCAGATCTGTATCAAAGTTTT
ATTGAGCGATTTTTGATATTTATTCATCTCCTTACGCACTATATTCAGAG,AAGACGCAAATTGTTTATATCATCACGCTTCAGCTAATGTATATTTATGC
TTATTGGATTTAGTATGCTTGATTTAAATGGCGGACAATTATTGTTATTA,TCGATTGCCAGAATTGAAAATTGTAGTGTGAAGACAGTGTATACCCATCG
GATTTAGTATGCTTGATTTAAATGGCGGACAATTATTGTTATTATTAAGT,TCAGGCCTCGTGCGGATTCACCCACGAGGCTTTTTTTATTACACTGACTG
GACATGGCAATTCCTTGCTGACAACAGAAACGAAATGTATATCATGCCGC,GACATTGCGCGTGCGGGTTGGCACACCGGCTGAAGTACCTAAAAAAATTA
GTTACCTCAAGAGTTGACATAGTGCGCGTTTGCTTTTAGGTTAGCGACCG,ATCCGGCCTACAAAAATCTTGCCAATTCAATATATTGCAGGACCATGTAG
AAATTAATTATCGTTATCGATCTTATTTGGATATGTTAGCATGTGCAGCC,AAACCTCGTAAATTGAAATATATATTGATGTAGTGAATGTATCTTAGGTA
TAATGAAATTAATTATCGTTATCGATCTTATTTGGATATGTTAGCATGTG,ATTTTGACGCGGGTTGAAAGAGGCAGAATTAAAACCTCGTAAATTGAAAT
TCAGGTGGTGCAAAACTTCGTTGCGCTGGCAGATCTGGCAGAGTTCGACC,GTTGAAAGAGGCAGAATTAAAACCTCGTAAATTGAAATATATATTGATGT
CCCTGATTTTATTGTTGACATTTCATTTATGCCGACTATTTATATGGTAT,AATTAAAACCTCGTAAATTGAAATATATATTGATGTAGTGAATGTATCTT
TTCTTTTTGTCTGCTATCAGCGTAGTTAGCCCTCTGGTATGATGAGTCCA,CGTCTAACATGATTTTAAGACCAGCACGAAAATCGTTGCTATAGTACGTT
TTGATTTCGCGCAAAAAGATTCAGAATTTTACTGTTAGTTTCCTCGCGCA,CTGATTTGAACAGTTAAAAACGAAAAGTCTGATAAAAGCTATACTTAACG
TAGTTAGAATTTATTTGATAATCCGCTCACTTTTAACCTGATTTTTAAAA,TAATGAGAACGACTATCAATTCGACGTCGTTTTGATATTATTATGCGCAG
TGTCACAGCGAAAAAAGTGACTTTTCTTGTCGCTGCGTACACTGAAATCA,TCCGAACTGATCGGACTTGTTCAGCGTACACGTGTTAGCTATCCTGCGTG
CACACATTTTAAGTATTGCTGATAGAAACCATTCTCATTATCATTGTGTT,AATGGCTGATCGGACTTGTTCGGCGTACAAGTGTACGCTATTGTGCATTC
GCGCCATTACGCTATTGCAAATGCAAATAGTTATCAATAATATTATCAAT,CTTTAATCTTTTGTTTGCATATTTTTAACACAAAATACACACTTCGACTC
GAATAGCGGCGACGATTTGCCAGACGCGTTGGGGAAATGAATCTTCTTTT,CCTTTTCGTTGGGTAATTATCAAGCTGGTATGATGAGTTAATATTATGTT
TGGCACGCGATGGGTTGCAATTAGCCGGGGCAGCAGTGATAATGCGCCTG,TTTCCCTTTTCTCCACTTGGCTAAATGTAAAAAAATGGTTAAGACTATGA
TGCGAACCCGCCAGCGTTTCGAATATTATCTTATCTTTATAATAATCATT,AATGCTGCATTCATTTGCCGCAGTGGCGTTAATTGTGGTTATCATGGTGC
TTTTTATCCTCAATTTGCCTGCTGCTTAATGCATTGCAGATGATTTGCTT,CATTCGCTTTGTCAGCTGTGACAAGCTCCGCAAATCGTGACAATAACCGC
CCTGCTGCTTAATGCATTGCAGATGATTTGCTTCCGTTATACTAGCGTCA,CTGCGGCCCGATTAGCTTTATTGGTCTCGTGGTGCCGCATATGATGCGTA
CAAGAGCATGGCGTTTGTATGGCAACGTTATTATAATTAACAGTTGCTAC,AAAAATGTCTATTGGAAACAATTTTATTTCCAATTGTAATGATAACCATT
ATCCACTGCAATCTATTGTTATATTGAATCAAATCAATGAAAATAGATGT,TGTGCAATTTTTCATTGATTGCAGAAATATATTGATAATATTATTGATAA
GGATTTATCTGCGTGTGACATTTTCAATATTGGTGATTAAAGTTTTATTT,TCTGCAACTCGGGGTTGCATCTGGTTGTGGTTACAATGAAAATGAGAAGC
CATTATGCCTTATTGTGCCGTGACTAAAGCGATTCTGATACACTAGCCGC,TCAAATATTTTAAATACCTATTCTTAGGCTGCACATGCTAACATATCCAA
CGTTTATTCCGCCGATAACGCGCGCGTAAAGGCATTTAAGCTGATGGCAG,ATATCCAAATAAGATCGATAACGATAATTAATTTCATTATCATGGAAGTT
CCTTATTCCCGCTATTAAAAAAAACAATTAAACGTAAACTTTGCGCAATT,CAAGCCAGATAAATCCCTTGCTATCGGGTAAACCTATCGCTATGATTAGC
GGTTTATTGGCGGATAGAAAAAAACGAAAGCACAAATAATGGGAGCGTCA,ATTTCATCTCTTTCATTGATAATGATAACCAATATCATATGATAATTTTT
CCGCGTCTTTTCCCCGCTTTGTTGCGCTCAAGACGCAGGATAATTAGCCG,CTTTTTCGCGCAATGGGTGATAGAAAATCGCTCCAAGTGATAATGCTTAT
TCGTTACTGTCTCTCTTGTCCGTGCAATAGCTCAATAATAGAATAAAACG,GTCGCTATTTATGCCGTTGATGGTCATTGCGGACAGGTACAATTCACGTT
TTGAGCGAAGTCAATAAACTCTCTACCCATTCAGGGCAATATCTCTCTTG,CGCAGCCCCCCTCCGTTGTATGTGCGTGTAGTGACGAGTACAGTTGCGTC
CATCCTCGCACCAGTCGACGACGGTTTACGCTTTACGTATAGTGGCGACA,CACCCACTAATCGTCCGATTAAAAACCCTGCAGAAACGGATAATCATGCC
TTGTGATCTTCCTCCACATTACATAACATCATATGTTGTTATATTCATCA,TTGCTATTTAGCGCCTTTGTCTTATTGACTTACTGGTAGGCTTTGCTACC
ACGTGCTGTTACTTGCCGGAAAACGACCCTATAATCCGAGTAATTCATTC,AAGGTTTGCTTAGACTTACTTGCTCCCTAAAAAGATGTTAAAATTGACAA
AATCCAGACGATTACCCGTAATATGTTTAATCAGGGCTATACTTAGCACA,GATATGATCTATATCAATTTCTCATCTATAATGCTTTGTTAGTATCTCGT
ATAATCCAGACGATTACCCGTAATATGTTTAATCAGGGCTATACTTAGCA,AGCCAGGCGAGATATGATCTATATCAATTTCTCATCTATAATGCTTTGTT
ACTGCCGGGCGTTGTTCTTTTTAACTTCAGGCGGGTTACAATAGTTTCCA,TAGCCTACGCAATGTAGGCTTAATGATTAGTCTGAGTTATATTACGGGGC
TTATATTTTACCTTTTGCAAATAATAAAATAACAAATTATAGTGACGCCA,CTCATAAGCTGTTCCGTTTTGAAAATTCGTGTTCAACGATGAATCTGTGG
ATGATTTAAGCATTTTCTTATACCCGTTCAGACGTTATTCTTATTTCAGA,TGTTGTGTTGTTTGCAATTTCTTCATCATACCGTTTATTCAATGTGCTGT
AAGATTCATCTGGTTGAATATGTGCCGATTGCGCGGTGGAATGATCAACA,CTTCCAGTCCTTCGGGACTGGAATTTTTTTGTTCGGAGAACGAAGATAAG
ACACGGAACAGGTGCAAAATCGGCGTATTTTGATTACACTCCTGTTAATC,GCGACTCTCTCTGATTACCACGAATCAATATTTATCATATTCTTCTTTTC
GCTGTACAAAAACTTGAAGAAATTCAGGAGTGTCATTTAGTATCCGGTGA,CACCAAAACCTGGTTTGAACTGGCACCGAAAGCGGCCAATATCATTGTAA
ACTGTTGTCCGTTTTAGCATCGGGCAGGAAAAGCCTGTAACCTGGAGAGC,TCATAACTTTACGGCTTTCCTTGCGTGCTGAAACAGAAGTATTATGCTTT
GTGTGACCGCCGTCATATTACAGAGCGTTTTTTATTTGAAAATGAATCCA,TGACCTGATTTCAACGTGTTGAAAAATAGTATGACGCGACATCATAGACA
AAACATTATCATGGCTGATATTTTCCGTAGTCAGGTTTAATGTTTTAAAA,TGATTTCAACGTGTTGAAAAATAGTATGACGCGACATCATAGACAAGTCT
CTTAAGTCGAAACAAGGAGACTCGATATTTAAATCGGATTACATTTTAAC,GATTTCAGACGAAAGTTTGAAAGATGCTGGATATAGAGTATCCTGACGCT
GTGATTTGCTTCACATCTTTTTACGTCGTACTCACCTATCTTAATTCACA,TTGATAAATATTTTTAAGAGCGGTCATTTTTAATGGGGTTATAAAAAGAG
AAACACGCCACCCCTTGAACCAACGGGCGTTTTCCGTAACACTGAAAGAA,ATGTTGCGCTGGCTCTCAAAAATCGTAAGGCAACTTTGTTACAACATCAT
CGTGATGAAAATCACATTTTTATCGTAATTGCCCTTTAAAATTCGGGGCG,TACTAGTCTCAGTTTTTGTTAAAAAAGTGTGTAGGATATTGTTACTCGCT
AACAAAACATTAACACCAACTGGCAAAATTTTGTCCTAAACTTGATCTCG,CTTTGCGTGCCGCCCGTGACTACGCGGCACGCCATTTTCGAATAACAAAT
TTTTTTGACAAAATTTGAAAGTTGGAAAAATTTTCCAATAAATAGAGGTA,TTTACATGGCACGAAAGACCAAACATTTGTTATCAAATGGTAAATAATAA
TTATAAATTGTCCGTTGAGCTTCTACCAGCAAATACCTATAGTGGCGGCA,CTGATTTTGTTTGATTTTTGTTTAATTGGTTAGATTGATATATGCTGATA
ACCGTTCTGATTGTTGTATGCATGTTTTTTTTATGCTTTCCTTAAGAACA,CCAGGGACTTGTGGTTTTCATTTAGGCGTGGCAATTCTATAATGATACGC
ACATGGGCCATCCTCTGTGCAAACAAGTGTCTCAATGGTACGTTTGGTAT,ATATTTGCCAGGGACTTGTGGTTTTCATTTAGGCGTGGCAATTCTATAAT
CATTTTTTTCTTGCTTACCGTCACATTCTTGATGGTATAGTCGAAAACTG,CACTAATTTATTCCATGTCACACTTTTCGCATCTTTGTTATGCTATGGTT
AGCGAAATCTGCTTTTTTTGCCACCGACCACGGATTTGTTATGCTGGTGG,TGTGACTCGATTCACGAAGTCCTGTATTCAGTGCTGACAAAATAGCCGCC
ACCTTGTCTTGGTTAACTCAATGTTAAATTGATGTAACATAATCACTTAC,TACGGCATAAATGAAACTCATAAATAACACCTTCCCCATAATAATAAAAA
CAAGTGTTAAGGGATGTTATTTCCCGATTCTCTGTGGCATAATAAACGAG,TTTGTGATCGTTATCTCGATATTTAAAAACAAATAATTTCATTATATTTT
TGTAATCCAACATTGCGAGCGGCGTAAAGCCGCCGCTATACTAAAACAAC,AAAGCTCGAATTGTGATGACGATCACACATGTTAAAACCTATAATTAATT
TGACGCATGAAATCACGTTTCACTTTCGAATTATGAGCGAATATGCGCGA,ACTATAGGTATTTGCTGGTAGAAGCTCAACGGACAATTTATAATGGCTCA
TGTTTTTTCAATGTTACCTAAAGCGCGATTCTTTGCTAATATGTTCGATA,CAATTTTACCTTATGGTTAACAGTCTGTTTCGGTGGTAAGTTCAGGCAAA
ACAAATGGTTATTCATTAATCCTGCCATAAACTCGCGTTATTATGCATTA,TTTCCTTATCTTTAATTTGTATTTTGCTAAGATTTATCTTATGCTCACAA
TTTTTGGGGGGTTGCAGAGGGAAAGATTTCTCGTATAATGCGCCTCCCGT,AAGATCACCCCCGCCTTGCAGGCGCGGACAAGAATAACGTTATGGTGATT
TGTGAGCAAGGGCTACGTCACATGGCCGCGCCGTGTATAATAAGCTCGTA,GCCAGAGGTAGCAATTGCGTTAGCGGCGTACTGTTGCTGTAAAGTATAAC
CCCGCTCTGGTGATTCTCAAACGCCAGATGTTACCCGTATCATTCACATG,GTAGCTAAAGAGATAGACGAAAACGAAAAGCCCGCTTAATAACTGTTCAC
GCTTTATCAGGTGCCTGTTGCAGCACGGCTTCGGCCATATCAGCAAGTGA,AACTGGATATGTACGATCGCAATTGGCCAATTCGCACCTACAATGAATCA
GGACTCATGTGAAATACTGGTTTTTAGTGCGCCAGATCTCTATAATCTCG,TGTTTCATGATTTACCGGGAGTTAAATAGAGCATTGGCTATTCTTTAAGG
ATATAAATAAATTTTGCTTGATTCATGCAAGCGGCATTAATACTATTTAT,GCACGCCATTCCCCCATTCGCTGGAGAGGATAACCCAGTGATTACGGCTG
AAATAAATTTTGCTTGATTCATGCAAGCGGCATTAATACTATTTATACTA,CACGATGAAAAAAATGTAGTTTTTTCAAGGTGAAGCGGTTTAAATTCGTT
GCTTTCGATATATTGACTCAATTTTCCAGCCTGGTTAAAAATAGCGACCA,ACTGCCTTAATTTTCTGCAGACAAAAGGCGTGACGATGGTCGAAAATGGC
AGGGGGCGCTCTCTTTTATTGATCTTACGCATCCTGTATGATGCAAGCAG,CGTTACCAAACTATTTTCTTTATTGGCACAGTTACTGCATAATAGTAACC
GCTGAAGGCGTGATCAGTTATTTCCACTGGTTCGACAACCAGAAAGCACA,GGTTATCCAAAGGTCATTGCACCAACATGGTGCTTAATGTTTCCATTGAA
CTCACAGCAATTAGTTCTTCTTCCTCACTTTTCCGCTACAATTATCAACA,ATGCAAACGATTTCAAGGAATGAATTGGCGTTATGTGTTACGTTTAGCAG
CCCTTCCGGTTATATGTTATCTGGTGTGGTTATTCGTTAAACTACAGCGG,GGCGAGAATGGCGGGGCGCAACCGGACAGAATTTTATAAACTGCTTTCCC
GCTTTCCCGGGCACTGGAAGTTTTTTTCATTTCGGGTAAAACTTTAACGG,TGACGCGTGATATTGACTCAATACTGTTGCTGGCGGGTTACTATGATCCT
TATTACAGGTTGTTGGTGCTATCGCAGGCTGAATGTGTACAATTGAGACG,CAATTCTCTGATGCTTCGCGCTTTTTATCCGTAAAAAGCTATAATGCACT
ATTTTGCATTGCATTCTGCCGTTGCGGCGATTTAGTGCTATTTTCGAGCA,ATGCTGCCGCCGCTGGGTAACCAGTGGATCATCAGCATTAAAGACACCTC
ACACACGGAGGTAAACACTAATGTTTACTTTGTTGATATACTCAGCGGCA,TCTGCGCTTAAATTGCCAATCTTAAGCAGATGAAAACCATACATTTTAGT
GAAATCGTGAGTTAAGGTTGAAAGAGCAGGTTTAACTCGACCATACTCTA,TTTTAAGTTCGATATTTCTCGTTTTTGCTCGTTAACGATAAGTTTACAGC
AATCGTGAGTTAAGGTTGAAAGAGCAGGTTTAACTCGACCATACTCTATA,GTGTGCGGCAATTCACATTTAATTTATGAATGTTTTCTTAACATCGCGGC
GTGAGTTAAGGTTGAAAGAGCAGGTTTAACTCGACCATACTCTATACTCG,TAATTCCCGGCTTTGTTGTATCTGAACTTCCCCTCGGTTAGCATCAGGCT
AAGCCTCCAGTGCGGTGTTTAAATCTTTGTGGGATCAGGGCATTATCTTA,CAAAGTTGTTACAAACATTACCAGGAAAAGCATATAATGCGTAAAAGTTA
CCTTTGATTATCTTCAATAAGTAGAATCTTCATGAAAATAATATGCCATA,TTCAAGGCATTTACGGGAGAAAAAATCGGCTCAAACATGAAGAAATGAAA
CCTTTTTGTAATAACTTTTTTACAGAGCATAACCTTGTCTAATGTCTGAG,CATAGTTCATGAAGTTGCCACTGCGCGATGAAGTATGACGAGTATGAAAG
TTATCTATTCCTTTTTGTAATAACTTTTTTACAGAGCATAACCTTGTCTA,GCAAAACAGACCGTGTTGCGCAATTTGTCAACGAAAACAATAATGCGTAA
TCATCAATTCCGGCTTGCCATCCTGGCTCACTCTTAGTAACTTTTGCCCG,GACCGTGTTGCGCAATTTGTCAACGAAAACAATAATGCGTAAGGTAGAAA
TTTATTAACAGATTCCGCGAATGAATAGTTTTACTGGTATACTGCGTGTC,GAAACCCGAACTACATTGAGGAATCAGGCGGGAGTGATAGAATATCGCCC
CTTATTAAGGGGTGTTGTAAGGGGATGGCTGGCCTGATATAACTGCTGCG,AATTCCTTTGTCAAGACCTGTTATCGCACAATGATTCGGTTATACTGTTC
GGCTAATTCGGGCTTGCCAGCCTTTTTTTGTCTCGCTAAGTTAGATGGCG,TTTTCCCGTTTCGTACTGTATATCTTCCATCCAGCGGGTATACTGATCCC
TAATAACGCGCATCTTTCATGACGGCAAACAATAGGGTAGTATTGACAAG,GCAGCGTGGCACTTGCTAAGGAGAGCGTAAGGTTTATAATGCCTTACGCA
TTTTTTGCATGGTATTTTCAGAGATTATGAATTGCCGCATTATAGCCTAA,TGAAAAATATCGTTGACTCATCGCGCCAGGTAAGTAGAATGCAACGCATC
AACGCTCACTTGGTTAATCATTTCACTCTTCAATTATCTATAATGATGAG,GCATGGATAAGCTATTTATACTTTAATAAGTACTTTGTATACTTATTTGC
TGTGTTGCAATGGCCATTGAAAGTCGCTTCAAATATATGATGCTACTTTT,TAAGGCATGGATGGATATTGCTTCTGATATTGTCCGGCTGGACAATGTTA
TGCAATGGCCATTGAAAGTCGCTTCAAATATATGATGCTACTTTTTTAAA,ATGTGACATTCATCGCAACAATGGTTGACCAATTTACATAACATATCGCC
GAAATAAAAAAACGTGAAATTATTATGCCGCCAGGCGTAGTATCGCAGCA,TGTTTTCCCCGGGAAGGTTCTGATGTGTCCGTGTTAAACTAAGAGAATCT
TTTCCGCTTTGGCGCTGGTCGTGAAGGCGATTTCTTGTTATTACAGAAAG,TTTTGCCGCGTCGTTAGCACAATGCGATGCAATTGATTTAGTGTATATCT
GCGGTAATGGCTGGATTGCGACACGGAGTTACTTTATAATCCGCTACCAT,AAGGCACCCAGATGGCGCATTGCCTGGGAGCATACTGCCCGAACATTCTG
ACGTTGTGAATATATCAATTTCCGCAATAAATTTCCTGTCATATAGTGAA,GCCCTATAAAGTAAACGATGACCCTTCGGGAACTTCAGGGTAAAATGACT
TCTGGCTGCCAATTGCTTAAGCAAGATCGGACGGTTAATGTGTTTTACAC,CGCGCCGCGCGTCGTTTGCTTGAACGCGACGCCTGATTTGATACTCCCCC
TTTTAGGATTAATTAAAAAAATAGAGAAATTGCTGTAAGTTGTGGGATTC,GCGCCGCGCGTCGTTTGCTTGAACGCGACGCCTGATTTGATACTCCCCCC
GTAGAATTTTATTCTGAATGTGTGGGCTCTCTATTTTAGGATTAATTAAA,TGAACGCGACGCCTGATTTGATACTCCCCCCTGACTCCTTCATACTGAAA
TTTTCACTCACTATTTTATTTTTAAAAAACAACAATTTATATTGAAATTA,TGGCTGGGCTGGCGAAAACTTGCCTTTGGTGCGCGGCAAATAATTTACCT
CCAAAAAATATCTTGTACTATTTACAAAACCTATGGTAACTCTTTAGGCA,GAGCAAAGGGATAAAATAGCAAAAGCGTGATGAAAATGTTATTTTCCGAT
TGGCATGTGTCGGTCAGAATGACTCATGATGTGGTCTGCTATTATTGACA,TTCTAATAAAATAGATTGGGTGGGTTGTATATTGACGTTAGTATAAATAG
TTTAACATGTTGTTTTTCTAAGTGTTATAAGGTAGGTATAAAATGGGATG,AATAGATTGGGTGGGTTGTATATTGACGTTAGTATAAATAGTATTAATGC
CTGCCCCGCTTTTTTTGCCACCCACGCCTGCCAGATGATATGGTCCGTCC,TTTTGCAAAAAGGGGTAGATGCAATCGGTTACGCTCTGTATAATGCCGCG
GGTAAAAATAGGGTGCGTTGAAGATATGCGAGCACCTGTAAAGTGGCGGG,AAAGCGTATAGGTTTACCTCAAACTGCGCGGCTGTGTTATAATTTGCGAC
TCGCTTCAGATCGTTGACAGCCGCACTCCATGACGGGTAAAAAGTGGATA,GCGACAACTTTCGTAAAACATCCCTACCCTGCTTCAGGTATACTATGCCC
GTTCGCTTCAGATCGTTGACAGCCGCACTCCATGACGGGTAAAAAGTGGA,AACAGCTATAAATAAAGATTAAAAATATTTTCAGTGAATATAAAATTATT
ATTACTAATTGGAATTTGATGTTGCTATATTGAGGTCTATATTAATAATG,CGTCTTCTATAACGGTGAAGTGTGCCTCGGTGGCGGTATTATTGAGCAGC
AACAAAAAATATTTGCGCAAAGTATTTCCTTTGTCATAAAAATAATACTT,TGAGCATATTGCGACCTTCGCACTTAATTACAAAATTAAGTATAATGAAG
AACAAATGCTGATATTGGAAATATCTGATTTGCAAATTATCGTGTTATCG,CAGATAAATTCATCCGTTGCCAATCTGGCAACGGATGTTATCATATTGCC
GGATTAATTCAATTATAACTTCTCTCTAACGCTGTGTATCGTAACGGTAA,TAAGATGTGTTTCCAGATTGACTTATCCTCACTAAAGGATAAAACTTATA
CCATTATCTTTCGTTTTATTTTTATCTCACCATGACGCAGTATCAACTGA,CGGGGCGGGATATTTTGCCTTGATGGTCAATTTTATGGCACGATAAGTGT
GTCGGCGGAACTGTTTTATGAAGACCTTGATGAAGCTGATAACATTGAGG,AAAATAATAACGTGATGGGAAGCGCCTCGCTTCCCGTGTATGATTGAACC
CGTGATGGTTGCCGATGGCGACCATTTACTCGGTGTGTTACATATGCATG,TTACATTCCTGGCTATTGCACAACTGAATTTAAGGCTCTATTATTACCTC
TACCCGCAAAAATCTTGGTATGACTGTCATTTGCGATGACAATATGATGA,AGCCCCGAGTGATATTTTACCATCAACCCGAGGCCTCCTATATGCTGAAC
CAGCATGGCGCGCGCCGCAGATGTGCATCTGTGTGTTAAAGTAGCGAAAG,TTCCACGTTTGATGCGCATACCGATAACCCCACCGTGGTCGCCTGCGCGT
TGATTAGATTGTTTTCGCAACAAAAACATTATGGATTATTATGCTGTGGT,TTGATCGTCAGGGCTTTGTTGATTTACTGGCTGATCGTCTGAAATTTTAC
CAAGCTGGCGCTTGCATGGTGGCGTGCGACAGGTATAATCCACAACGTTT,GGGGAGCTGATTCAGATAATCCCCAATGACCTTTCATCCTCTATTCTTAA
TGTGCAGTTTATGGTTCCAAAATCGCCTTTTGCTGTATATACTCACAGCA,GCGATGGCGACGCGGCATTTAAAGCTTGTCAGGCGCTGCTACGCTCACCT
CATGCTTACCTTAATCGTTCCCAGTGTGCCTATAGCAGATATTCTAAACA,CGCAATTGAAGGTAATGCCAGGCTGTAATCAGGCAAGGATATAATTCCGC
CGAACATAGAAAAAACTGAAGATTCATCTTATTTTGTATATACTACCTAG,CTAATGCTTCTTCCCTTCGTTTTAGCGCCCCGCCGCAGTATCATGATATC
AAACTCACATCAATGTTGCCAATACATAACATTTAGTTAACCATTCATTG,GCCCGGGCAGCGCAAACTTCGCAGCAGCAGGAATGGAGTACAATGCTGTT
GACTGAGCGTCGATTCACCTGCAAACGGCGCATTTTTAGAATAATCCTGA,TTGCCGTACCTGTGAAGTAGCGTGCGTGGTTTCTCATCAGGAAAATCAGG
CAGTATTTTCTTCTTTCCTCAAGCTGATTATTAGCCTGGAATAGAGAGTA,CATGATTTGTGAATGTATCGGCGCATTAACTGTCATTGCTGGAGAATTTG
ACTTACAGTTCAGACGTTTACCCATCTTGCTTTCGCTTATATACTCGTGT,TTGAAACGGCTTAAACGGTTGTCAGCCGCCCGAATGGACGTAGAATGCCC
GTTGCCGTTTGTTGTTTAAAAATTGTTAACAATTTTGTAAAATACCGACG,CGTGATTAACGCATTGCTGTCGATCTGGGTTATGCAGCTTATTGTTTAAC
AATCCCAAAATGTTGCAGCAATAAACCGGTGTGACGAGTATCCTCGGCGG,AGGGGGTAAACGACAAAGTGTATACCCTGGCGAAATTGTATAATTTGCCT
GTGACGCAGGATGTTACCTCTGAAGACCTCGTCACGTTATACGGAACAAC,GCGAAATTGTATAATTTGCCTGCTGATGTTCTGCCTCGTTAAATTTTTTC
CTCAAGAGAATAAATGACGTTTAAGCCATGAAACAAGCTAAAATCCTGCA,TTAGCCATTAACGCCGTATTGCACTGAAAGAATAAAATATTGTGATGTAG
CACGTCAGAACAAAATCTGAGAGGTGAATCCGTTGAGTATAATTATCTTA,GGACAGGATTAACACTAGCGTAGAGATGACGAGTACGTTAGTCTCTGACC
ATTGACTGGAATTTGGGTTTCGAGGCTCTTTGTGCTAAACTGGCCCGCCG,CTGCGGTCAATTGTGGGACATCGCCTATAATTTGCATTATCATACCTGTC
ATCGATGTTTTGCTTTGACAATCCCCTGGTGTTTTGCGAAAACATTCGAG,CGACACGTTTCATTAAGATTTTCCTCAGGTAACCACCTATAGTCATTGTC
TTACGATTTGTCCTGTTGACCTCCGGCGCTACCGTTGCAGACTATAACGA,AAGAATGAATGTTTTCGGCACATTTCTCCCCAGAGTGTTATAATTGCGGT
ACAAACTCCAGATAAGTGCTTTTTTATGATTACGCCACATCATAAAAAGA,TTTAGCGCGCAAATCTTTACTTATTTACAGAACTTCGGCATTATCTTGCC
CGAAATTTTTGTTGCGCTCAAGTCTGAAATCAGTAATATATGCCGCCGTT,GCTGCCCGTAATATTTGCTGGTTCGGTGACGAAGCGTAATAAACTGTAGC
TGTCGGCGGCCTTGCATTGCCAATCCGGTTGTCCGTCTCTACGCTATTGA,GTGTTAAAGCAGACTTGAGAAATGAGAAGATTGGCTTTAAAATCCGCGAG
CCAGGGGGTGGAGGATTTAAGCCATCTCCTGATGACGCATAGTCAGCCCA,TAACAAAACGCGTTTTGTTACTGATGTCACAAATTGAGCATATTTTTGTA
ACCGCTCAGGGATGAGTTTTGTTTGGCTTATCGCTGGCAAACTGTCTGAA,CCTGCTGAAGAACGTTGCTCTGAGTGTGATAAACCTTTTTATTCTTGATG
AAAAACGTCATCGCTTGCATTAGAAAGGTTTCTGGCCGACCTTATAACCA,AACCTTCGATTTGTTTGTCAAGATATTGTCCATCTTTATATAATTTGGGG
TGTGATTTATGCCTCACTAAAATTTGATAAAACGTTTTATCTTCTCGCGC,TTACAAAATCAACCTGCTTGACAAAAATGACTTCACTAAGGAAGGTGCGA
GAAAGATATGTCGCTTGTTAATGTGCAGGCACTGAAGGACAATCGGGCAA,GATTACATTTTGTTTTTGAATCCCGATATCATCATGAAGCATGATGATTT
GGCTCCAGGTTACTTCCCGTAGGATTCTTGCTTTAATAGTGGGATTAATT,AAACCTTCGATTTGTTTGTCAAGATATTGTCCATCTTTATATAATTTGGG
TACGGATCTTCATCACATAAAATAATTTTTTCGATATCTAAAATAAATCG,TACATTTTGTTTTTGAATCCCGATATCATCATGAAGCATGATGATTTGCT
TCAATTCATTCATTTGACTTATACTTGCCTGGGCAATATTATCCCCTGCA,ATATTCTCCTATCCAACTTTGGCACATCTATTGCTTTGTTATACAAGGCA
TAAAACAACAGCAACTTGTTGCAATTTTATCAATAAAAGTAGTATTGTCG,CGCATTTTGTTGTGTTGTTTGCATATAACCTTCTAAACGTATGGACATCT
ACAACAGCAACTTGTTGCAATTTTATCAATAAAAGTAGTATTGTCGTGAA,TGATTTGCTGACATATATTAAATATGTCGAAAGTAAGCGTTATGCTTTTA
ACATTTTGCTAATTTCACCGTACCGCTCTGTGACGTACTATAGTCGGCAA,ACTGCGTAAGGCGTTAAATGAAGCTCGCCTTGAGCGAGATATATTAAAAA
AGGAATGGCTATCAGTATTGTCATTTTCAGAAAATATTTATCCTGCATCG,CTCATTTTGTTTAACATCCATTGAGATTCCTTGCTTTAAATTTTATTTTA
AACCTGGAAGCCGGAGGTTTTCTGCAGATTCGCCTGCCATGATGAAGTTA,AGTCAAGTAAATAGTTGACCAATTTACTCGGGAATGTCAGACTTGACCCT
CTCGCCAACGAAACGTATTTTTTAACAATAAAAGCTATTAACTTTCTCTT,AAATTCGTGCCGAAATTGCGCGTTCTGCGCGGAACACGTATACTTTCAGT
ATACTAATAACCATTTTCTCTCCTTTTAGTCATTCTTATATTCTAACGTA,TAAACAGTAATATTTGGACAAAACGCAAACTGTGATCGATACTCAACTAT
ATGTCCAGATGTATTGACGTCCATTAACACAATGTTTACTCTGGTGCCTG,CCCTTGCTGAAAAATTTTCCATTGTCTCCCCTGTAAAGCTGTGCTTGTAT
AATATCAAAACGACGTCGAATTGATAGTCGTTCTCATTACTATTTGCATA,TGTTAACGCGTTATCTCGTCGCGACCTATAAGTTTGGGTAATATGTGCTG
TCATTGGTCATTTTTCGGTTGACGCCCTTCGGCTTTTCCTTCATCTTTAC,ACCGGCAAAAGATGGATTGCGACCACCCTGGTGCGAAATTATAATAAAAA
AATATAGAGAAGTACTTACTTAACATTTTCCCATTTGGTACTATCTAACC,GCCAGGAGCAGACGATATTTGATAAGTTTGCTCGCGGGAATAAAGAGTCG
TTGTTGGGATTGATGGGCCGTAGATATCGGCGTCCAGAATGCCGACTTTC,GCCCGCAGATTTTTGCGAAATCTTTGCAGCCAGAATTCTACCCTTCCGGT
GTTGCGTGGTGGTCGCTTTTACCACAGATGCGTTTATGCCAGTATGGTTT,TTGTTTTATTTTTAATTGAAAACCCTAGCCCATGGGCATATCATCCCTTT
GAATTGGGTAACCCGGCTTGTTGCGCCAGTTCCGTGAGTGCCACACTGCC,TCATGGTTAAGGTTGCATAATGATATGCAACAAATGTATAATATTTCCTT
GGTAAAAAAAAGGTTGCATGAAAACGCGAGCGGAGTATAGTGCGCATCCA,AATTCATGGTTAAGGTTGCATAATGATATGCAACAAATGTATAATATTTC
AAAGTCTGGTTTATCGTTGGTTTAGTTGTCAGCAGGTATTATATCGCCAT,TAGGCACCCCAGGCTTTACACTTTATGCTTCCGGCTCGTATGTTGTGTGG
TCAGCCGATTTTGCATCCTGTTGTCCTGTAACGTGTTGTTTAATTATTTG,GGAATGCACTCTTCATTGCAAACATTTCAGGGATGAAGTGAAGATGAATT
AGATTTAATTCAGCCTTCGTTTAGGTTACCTCTGCTAATATCTTTCTCAT,GGAATGTACTCTTTATTGCAAACATTTCAGGGATGAAGTGAAGATGAATT
TTCGGGCATGTTTTGATTGTAGCCGAAAACACCCTTCCTATACTGAGCGC,GGAATGTACTCTTCATTGCAAACATTTCAGGGATGAAGTGAAGATGAATT
GCCAACAAAATTTACAAATCTTGATTCCTGAACTGATAGGCTACCTGGCG,TTTGCACTTCCCTGCACTATCCGACACTGTCACCATCCATAATTCAGGCT
TACAAAATAAAAATTATACTTTTAATTTGCTATACGTTATTCTGCGCGGG,TTGGTTAGCATATTCACCTTTAATCGCGCATGATCGAAAGATAATTAAAG
TTTCTTTGAACTCTTGCAGAAAAATGAGAATTCGTGAGTACGATCACTCA,TTATTGCGTCAGGGTTGACATCCGTTTTTGTATCCAGTAACTCTAAAAGC
AATGCCGCTCATTTATGAGTAAACCTTTCACTATTATTACGTTTTTTCAA,GATAATTAACTATTGACGAAAAGCTGAAAACCACTAGAATGCGCCTCCGT
TGCAGGGTTGACTTTGCATTCTGTTAACAAACGCGGTATAACAAACCTTC,GCAACGTTATTCTTCATCATCAGTCTGGTGCTGGGTAACATCAATAGCAA
GGTGCAGGGTTGACTTTGCATTCTGTTAACAAACGCGGTATAACAAACCT,CTCGCACCAAAAACCACGTTGATATTGCTCGCACTGGGCGAAGGTGGCGG
GCTAAAACGTTAATTTTTTGTACCTTCGCAACTCTGGTTTACAATGTGCG,GGTAGAGCACGACCTTGCCAAGGTCGGGGTCGCGAGTTCGAGTCTCGTTT
GGGATGATTGCATTACATACAGATATAGCACAGGCTATATTATATAGCTA,CTGCTTCCGCATTTGCCTGTCATTCACTGCAATAAAGACGATTTTCAGGA
TGAGGGATGATTGCATTACATACAGATATAGCACAGGCTATATTATATAG,CTCATATCGAGCAGGTTGAAACACTGTATGAAGAACTGGGCAAAATCGAT
CTGCGCACCTAAATCAATGACTAATGCCGATGGGTCAACTATACTTTTCA,AACTGTCAAAATAGCTATTCCAATATCATAAAAATCGGGTATGTTTTAGC
TAGCAATAACTGCTGGGAAAATTCCGAGTTAGTCGTTATATTGTCGCCTA,CCGCCCTTTGTGCCGTTATTTTATGCTGACAAAGGCACTTTTTTCTGTTT
TATCCTGAAATGCGTTTCTCACTTGCCCGACATATGCGTAAAATGAGCGG,TATAAATGAGCAAGAACTGAACAATTGCATTAAAGATTTAAATATGTTCA
TGGAGACTATTATTTACACTAAATCTGATTTGATATATTGATACTTAAAA,GGTAATCCATATCATTTTTGCATAGACTCGACATAAATCGATATTTTTTA
CTAAATCTGATTTGATATATTGATACTTAAAACATTTGATGCTTCCTTTG,CGCATGACCCCATCGTTGACAACCGCCCCGCTCACCCTTTATTTATAAAT
CTAAAACAATACATTTACTTTATTTGTCACTGTCGTTACTATATCGGCTG,AATGTTGAGTGTAAACCCTTAGCGCAGTGAAGCATTTATTAGCTGAACTA
ACTGGCTTGACAAGCTTTTCCTCAGCTCCGTAAACTCCTTTCAGTGGGAA,CCTTTTAATTGCAACTTTACTCGTCCTTCCGCTTTCAGTAGTGTGTCATC
AAAAGGCCGTCGACTGGACAGTTAACCGATTCAGTGCCAGATTTCGCAGT,ACCGTGTATTTCTGCCGGAAGGATTGCCAATCGTCTGCTACAATCGCGCC
ATTCCTTTAAGCCTGTCAATTCGGGATATATGATTCCATACATCTGCAAT,TATTAGTGATATCAACTTGAGGTAAGCGTTAGTTTCGATAAGATAAACTG
ATATAAATCAGAGAATTGAACAACGCATGTGGAAAAAGTTACACTGCGAA,ACCATTGCCTGCGCAATGGTGTTTTTGTTTTTATCTGCTTTATACTTGAG
GCTGGATTTACAGTTCGGTCATTCCCAGCGGGTAGGGTATGATGTAGCGA,TAGGGGCAAGGAGGATGGAAAGAGGTTGCCGTATAAAGAAACTAGAGTCC
GCCCTGCGTCAGCGTGTTTAGCAACTGTAACAAATATTAAAATAGCAGGT,GAGGCATAAATCACATTACGCAACGATAATAGCGGGTATAAGATAAATAA
TCATATTCCGTCCTCTTGTTTATCAGCGTGTTAGATAAGCCTGGAATACA,ATCCCCCGCAGGATGAGGAAGGTCAACATCGAGCCTGGCAAACTAGCGAT
TCTCCGCGTTTTTTTCGCATTCATCTCGCTAACTTCGCTTATTATGGGGA,TTTTCCGTTCACATATTGACACTCATCGGGAAAAAAAACATAAATTTAAG
ACACGCGTTTAATTTGCGATACGAATTAAATTTTCACACACTCTGTAGCA,ATTGACTTAACCATTGAATTCCTTTTCCGTTCACATATTGACACTCATCG
GTCTTTTGGCAAGTTGGTATCCGGCGCGGCGCGCCAGTAATATTGACCCT,GGAAAAAAAACATAAATTTAAGCCCAATCGAAAATAATTAAACTTAATCT
CTTGATCGTTATCAATTCCCACGCTGTTTCAGAGCGTTACCTTGCCCTTA,ATTATGCATGTCATTGATTTGTCTTATTTTGTAAAAATATATCGTTCAAA
TTTGATTTACATCAAATTGCCTTTAGCTACAGACACTAAGGTGGCAGACA,TTGAGATGTGGTCATTGTAAACGGCAATTTTGTGGATTAAGGTCGCGGCA
GGTAAGGGTAGGGATTTTACAGCACCGTGAAAAATCTCATAATTTTTATG,AAGAAGTGAAAATATTTTGAGTTAATTCTTAAGCTATGATACAAATCAGG
CATCAATTTTGGTATGACCAATGCACCATTCATGTTATTCTCAATAGCGA,CCGTGCTCCCACTCGCAGTCATCCTCCCTCACTCCTGCCATAATTCTGAT
CTACGCTCTGCATTTGCCGAAAAGGGGATTGTTGTCGCAGCATAACCCCG,CGTTGGTGGCAGATGAAGATCTGAGCCGTTTTATCCTATAATCGCGTTCA
AAGTAGCAACTTTGCTTGCACTAGACCGACTGGTCTACTACACTCCAACG,AACTGGCTGCCGACTGCCATGTCATTCCTCGCGCCGGACATAACGCGCAT
CATCGCATAAACCACTACATCTTGCTCCTGTTAACCCGCTATCATTACCG,TCTTTGCGTATAGATTGAGCAAATCCCAAATAGCCGTTAAAATTATATGC
CACTATAATCTGATTTTAACGATGATTCGTGCGGGGTAAAATAGTAAAAA,CAGGTGCATTACACGATGTCACGGTAACGCCTGTACGGTAAACTATGCGG
TTTGATTTACATCAATAAGCGGGGTTGCTGAATCGTTAAGGTAGGCGGTA,TCGCATAAACCTGATTGATTTAGACGTCTGGATGCCTTAACATCCATTTC
TCCACAAAGTTATGCACTTGCAAGAGGGTCATTTTCACACTATCTTGCAG,TGAAAAAGAGGTTGACGCTGCAAGGCTCTATACGCATAATGCGCCCCGCA
TATATATTGTGTGGTTGAATCTTTTTTCAACTACATCTAGTATCTCTGTA,AATCCCAGCAGTATTTGCATTTTTTACCCAAAACGAGTAGAATTTGCCAC
AAGCGTTGCGCCTTTGTTGTATCGTCAGTTCAGGGTAAAATAGATTTCCG,ATTAGCAATAAACGTTGACAAAATGTGGCGTGGATCACTATAATGCCTGC
ATTGATTAAAGACAACATTCACAGTGTGGTTATTTGTTACACATAGGGGC,CCGGGGCGATTCAATTTGCTAAACCATGTCGATTACGGATAATGAACAGC
TGTACGATTCTTTGCCAGGCTTAATGCCAACCAGATTGTAGTAAGCCACG,GGATAATGAACAGCATTGCTTATCAGAGATATGCCCCCATATGTTGAGGC
CCTCATGTACGATTCTTTGCCAGGCTTAATGCCAACCAGATTGTAGTAAG,ATGGCACCAACTGGAAAATCGACAACAAAGTGGTCCGCGTACCTTATGTT
AAGAGATTACTGTCACTTTCACATATTTGTGAGTTACCGTATTCTCATGG,TTTAAGCTCCGTTTAACATTCATTGAGAAAACTGATGCTACTGTGTCAAC
GTGTGTGTCAGATCTCGTTTTCCTTAACCATGTTACATAGAATGTGCACG,TGCGCGCACAGTACAGCGCAACTTATTTTGTTAAAAACATGTAAATGATT
TTGCCACAGGTAACAAAAAACCAGTCCGCGAAGTTGATAGAATCCCATCA,AATGTCGTTGCGCGCACAGTACAGCGCAACTTATTTTGTTAAAAACATGT
AGATTGCAAGTTGCTTGTAAAAGATAAGTACACTGATCCATAATCGCTGT,TGCCTAAGTAAAAATTTGACGACACGTATTGAAGTGCTTCACCATAGCCT
ATCTGACCATCCGCCTTTGCAAAAATTTGCCTGATTTTACAAACGAATCA,GATTTGGCATGATTTTGAACAAAAACAAATCACTAAAGCCTATTTTTTGT
CTCTCAGTTCAACAATTGGATTATTAATAAATATTGTCTAGAGTGAGCGG,ACCTGAAGAGCGTTTTGCATGGTTAAGGTCAAAGAAAGATAGGTTCTGAT
ACCGGGATTCTGTTGTCGGAATGGCTGGTTATCCATTAAAATAGATCGGA,TTCTGATAAAACTTTCTTGTCATCGGCTCCGTTCGCCGTTATGATCGGTC
ATGGGCAAAACATCTATGATACACGCAATTGTGGATCAATATAGTCACTG,TCAATTTCACTTGATTGAAATTATTTGTATTGTATTTGTATTATTTACAG
TTCGGAATATCCTGCTTATCCTCGTGCTGTTTCTCACGTAGTCTATAATT,ACGCCCGAGGTGGCATACAGTCTGTGGCGTTTTTCTGACATAATAGGCAA
TTCAAACATACAAAATTTGTGATTTTACTTAACTATTGTGTAACTTTCAT,AAAATTAATGCTATTGGAATGAAGAGAGTAACGAATGGCTAAACTGGCTA
GGTAAAGCGCCAGGGCCAGAAGTCGATACGACCTGTGCTATGATTCATAA,ATCGATGACATAGCGTTGAAGAAAAGGATTTGATAATCCGCAAAATTTGC
TTGAGAACATTTTCCACACCTAAAATGCTATTTCTGCGATAATAGCAACC,CTAATAACCCTATAATTAATCAACGAAATTATAATGTTTCTAAAATTAGA
TTTTAAATATTGTTTTTATTGGCATTGCTATAATATTGGTTATCATTTGC,TAATTAATCAACGAAATTATAATGTTTCTAAAATTAGAATATAATTTATA
TTGTTTACACCTTCGCATTATTTATCTCTTTTCGTTTCTATACTGATTTT,TTTACAGACCCAGGCTTGTTACAGGCCAGGTTTATCTTAAAATTACGGTA
TTATGAGCAAAATTGAAGCTCACCTGGCGCAAACCGCTTAAGTTCTTCTC,ATGAGTTAGGTTTGGATTTTGATGGTATGTGTAATGTTATCATTGGATTA
TGTATTGGCTTATTTTGCCATAACGAGAAGGGGTTCACCTAATCACGACG,ATGTGTAATGTTATCATTGGATTATCAGAGAGCGACTTTTATAAAAGCAT
GCCCCATGGGGTTGGCAGTTTGGCTTCTGCCACACGTTTAAGCTGCATGA,CTACTAATGCGCCACTTTCTTATATGGTCAATCACTTTCCTTAAAGAATA
CAAATCTGTCAATTTTTCCTGGAACTGGCGTTTTCAGTTATGATTGTGGG,TTAGGTGCTTTTTCATTGCTGTAATTAACCTTTTAGGTTATAACTAAAGT
GGGCGCGTTTTTTGTTGACAGCGTGAAAACAGTACGGGTACTGTACTAAA,CAGATGATTTTTGCGCCTTGTCGCTGCTGCGTGTGGTTGGTAAAGTAAGC
GTGTGGATTGTGTCTTGCGACGATGGGCACTAAATGTTAAAAGGTGCCCC,AGATACTCGGTTTAACCTGCCGTTTAATCCGTTTTCACGTAGAATAATGC
AAGAAATTTGATTGACGAGACGAGGCGAATCAGGTTTAATGCGCCCCGTT,GGAAGAGGTGCATCGTGTTGCTAATGAACGTCTGATGCAGATGATGCCGC
TTTCAACAGCTGTCATAAAGTTGTCACGGCCGAGACTTATAGTCGCTTTG,TAGGACAAAATTTTGCCAGTTGGTGTTAATGTTTTGTTAGAATCAGTCAC
GCGACGAGCTTTTCATAAATCTGTCATAAATCTGACGCATAATGACGTCG,GCTGGCGCAGAACATTGCAGAAGCGGCGAGCGGCATTGATAAGCTGGTTT
TTTTCATCACTGTCATCACTCTGTCATCTTTCCAGTAGAAACTAATGTCA,CGGGGCTTTTTTTCTGTCTTTTGTACTCGTGTACTGGTACAGTGCAATGC
TCGGATAAGCCTTTGCCAGTTCCGGGTATTCTTCAGCAGAAAAAGCGGCA,CGCCTGCTGTTTTTATAAACAATGTATTTTCAATCCGTTATACTTTTCCT
TAGGAAGGGATAACTAACGGCTATGGAGTTAAGTATGTAAAATAGCCCGC,TATCACTCCCTTTTACTGGCTAAACCAGAAAACTTATTTTATCATTCAAA
GTCATAGTGTTGATTGCACCAGAGCCTGGCGACAGGCTTAAAATGATCGA,TGCCAACATTGAACAGTTCATTTTTGCGGGTAAAACAATATACTACCGTA
CATCGCTAAGTAATCACGCATCTGCGTGATGAAGCTTAGTGAGGATTTTC,GCGGGCGCGATCCTCGACGAAGCTGACATTTATTGCGGTATTATTGCTGA
TATTAACGACAACTGACGAATAAAATAAAAACACCCTGTATAATAGGAAA,ATAAGCTTTCTGTATGGGGTGTTGCTTAATTGATCTGGTATAACAGGTAT
TGATGTGCCTTTTTTATTTGTATTCGGTGACTTTCTGCGTCTTGTGGGCT,TGCGCTTATGATTATTTTGTAAGAACACATTCATAATATTCATAATGCTC
AAAAAATAAAATTGAAGGTTCATTTTATAAACCAGACATAACGTTCTACG,GGTGAGGTGATTTTTCATTAAAAAATATGCGCTTATGATTATTTTGTAAG
ACGAAACCATAAAAATGAAATGCTGTTTTCATAAAAAATAAAATTGAAGG,CCCCGATCGGGGTATGCATCTTTGACACATCCTTTAATATCTTAGCGGCT
GGGATACGGCACATTGCTATTAATATTTTGACGAATGATAAGGTATTCAA,TTACCCCGATCGGGGTATGCATCTTTGACACATCCTTTAATATCTTAGCG
TCCTGTGTAAACACTGATTGCCTCCCCCCCGTTGATGGGTAAAATAGCCG,ATTCTTTCAATCAGCACTTCACCCAATTCATCCTTAATTCTAATAACTGG
TTTTAACCTGAGATTGTTAAAGATATATTACAGATTAATAATATTCTTAA,TGACTTCATAAAAATTATGAGATTTTTCACGGTGCTGTAAAATCCCTACC
AAATATCTTACTTGCAATCGGTGTGGAAAACGGTAGTATTAGCAGCCACG,ATCTTCTACATCGTTTGTGTGCTGCTGACCTGGCTGGTTTATGGTCGGCG
ATCCATGTGTGAAGTTGATCACAAATTTAAACACTGGTAGGGTAAAAAGG,TGTTTTGTCCCTGATTGTTGCTAAAACTCATTTTATTTTAAAAAAATGTT
CTACACTGATACTCTGTTGCATTATTCGCCTGAAACCACAATATTCAGGC,GCGCATTTTTCTCGCTTACCATTTCTCGTTGAACCTTGTAATCTGCTGGC
TTTGCCATCAGGGGTTGCCTCAGATTCTCAGTATGTTAGGGTAGAAAAAA,CCCTTGACTATCAAGACTTGCCTCACTCCTGCCTGACCGTTAAGCTTTGC
TACACAAAAAATATAGATCTCCGTCACATTTTTGCGTTATACAGGAAGCT,GATTTCATTAGTATCTTGAAAATCGGGTAATTACGACGCTAAATTAATGC
TTTTCGCTGCCGGGTGGTTTTTTTGCTGTTAGCAACCAGACTTAATGGCA,ACCTGGATTTTTCCTGGTTATTTTGCCGCAGGTCAGCGTATCGTGAACAT
GTACTGGAAATGTTGACCACTTAATCGGGACTGGTGTTATTATTGCCCGC,CATCTTTTCCAGTGTTCAGTAGGGTGCCTTGCACGGTAATTATGTCACTG
CAAGCTCGGGTTTAACGTTGATATCCAGCTCGAAGAGGGGATCGTTGGGC,TCAAACATCCTTGATGCAAAGCACTATATATAGACTTTAAAATGCGTCCC
GTCGTCTGGACGCTGTTGTATTCACTGGTGGTATCGGTGAAAATGCCGCA,CGCGTTGCATCGAGGCGGCAACTGAGTGAACTCCCATGAGCATAGATAAC
CGATTTTATGATTTGGTTCAATTCTTCCTTTAGCGGCATAATGTTTAATG,GGAGTTATTTCAACCTATTGACTTTTAATTTGATTTGAGGACGATTATTT
AGTGCAAAAAGTGCTGTAACTCTGAAAAAGCGATGGTAGAATCCATTTTT,GTTATTTCAACCTATTGACTTTTAATTTGATTTGAGGACGATTATTTATT
TGTGTAAAGCAGTCTCGCAAACGTTTGCTTTCCCTGTTAGAATTGCGCCG,GTAAAAAACCACATCAATTAGCTGTATAAAAGAATTTCTACAGTGATTGT
TGTTTTTACCACTTCCCCTTTTCGTCAAGATCGGCCAAAATTCCACGCTT,TACCTTTGGGCTGGTCTTTGCATCTGTTTATTCGCTGGCGATGTTACATC
AACATCAGCAATAAAGACACACGCAAACGTTTTCGTTTATACTGCGCGCG,GCGGTAGACGGTGAAATGATCACAGTTACCGTCGAAGGTAAAGATGAAGT
TCAACATCAGCAATAAAGACACACGCAAACGTTTTCGTTTATACTGCGCG,TTTTATTTTATCTGTTTGTTTTGTAAGGGTAAATTAACTAAAATGGCACC
GATGAAAAATAGTGTCGCTGAGCACTAAAATTTAATGTAAATGGTGTGTT,ATGCCTGACGGAGTTCACACTTGTAAGTTTTCAACTACGTTGTAGACTTT
GGTGTGTTAAATCGATTGTGAATAACCAGCGCTTCCGGCAGGATACGGTC,TTAGTATCATATTCGTGTTGGATTATTCTGCATTTTTGGGGAGAATGGAC
AACGCTGTTTTTGTTTTCCTTTTGGATTAATTTCAGCGTATAATGCGCGC,GCATATAACCCGCGCAGAATAACGTATAGCAAATTAAAAGTATAATTTTT
TTTTTTGCCGCAGGTCAATTCCCTTTTGGTCCGAACTCGCACATAATACG,TTTCAGAGGAATTATTTGATTAAGGTTTTACTTAAGGCGTAACAAATGAT
GAGAAATCGCAACTGTTAATTTTTTATTTCCACGGGTAGAATGCTCGCCG,ACGTATAGCAAATTAAAAGTATAATTTTTATTTTGTATGTATTATCTTCG
TCAGCTAACCCTTGTGGGGCTGCGCTGAAAAGCGACGTACAATGTCGCTA,ATATCAACAGAATCAATAATGTTTCGCCGAATAAATTGTATACTTAAGCT
TAAAATTTAGTGCTGTACAGAGCGCGTTACAACACGGTTTACTGGCAGCA,TTCGCCGAATAAATTGTATACTTAAGCTGCTGTTTAATATGCTTTGTAAC
TATAAAACAACCTCATTGCCAACCTTTCCTTTTCTTCTTACCGTTGAGAA,TAACAATTTAGGCTGAAATTCATACCAGATTTAGCTGGTGACGAACGTGA
CCATTCAATCATAATGCTCTCCTTTTAGATGTATGCCTTATACTAGCCGG,GATTCCCTTTGTCTGTTTGATAATGCGCACATTGGGTATAACGTGATCAT
GTAACGTCACGATGGTTTTCCCAACTCAGTCAGGATTAAACTGTGGGTCA,TTTTTTGACACTAGAATTGCAGCAATATGGCGACGCCATTACATTGTGCT
CACGGATTGTATGAGACATGGCAACACCTGGTTAACAAGAATATGAAAAA,AGCAATGAACGATTATCCCTATCAAGCATTCTGACTGATAATTGCTCACA
ATCGCAACATTTACTTTACTTTAAGACAATTCCAGGCAAATTATACAACA,TATTTAGCAAAGTGGTAAGCGAAGCCGGGGAATCTGAGTAAAATAGCGCG
GTATCACACCCGATGAAAGATTAATTAGTCAAGATTATGATATCTTTTTA,GCTACGGATAAATCATTGCCCCCACCAATGTGACTGATAAAATGCCAGAC
CTTTGTAGACACAGTACCGGATGATGTTAAGAGGCTGTATACTGAAGCAG,GATGCACGACGCCTTTGGTATTACCGGCGGTCACATTCCTAAATTCGCTA
CAATCAGGTAAGAGTCTGGAATTTCACACTGTACCCTTTATACTGCCCTA,ATGCCGTCAGATGAGTAGACACTAAACAAAAATCGGGCAATACTGCGTGA
ATATAGCCGCCTTGTTGTAATGACAACATTTTGCGGCTATTCTTGAATTG,GGCGCTATTCACGTTGATCTCCTGTGACTCGACGCGGCAGATAATGTAGT
TCATATAGCCGCCTTGTTGTAATGACAACATTTTGCGGCTATTCTTGAAG,TGGCGTGCTGGTACTGGAAGTGCTGCTCGCCCTAACCGTTATACTATGGG
TCATATAGCCGCCTTGTTGTAATGACAACATTTTGCGGCTATTCTTGAAG,CTCACGATTCTCCTTTGACGATCGCACTTTTTGCTCGTTATGATGGCGTC
TATAGCCGCCTGTGTTGTAATGACAACGTTTCGCGGCTATTCTTGAGTGG,AAATGCGTCATGCTGAGCTATGATTAGCCGCTATTTTTTTGTCCTGAATG
TTTTACGCCAGCCTCTTTACTGTATATAAAACCAGTTTATACTGTACACA,CTTACCGCCGTGCCCGAGTCGGCAATTGTAAATTCAACATTCTCAAATGC
GAGACTAAAAGCATTGCAGTTTCTCGCGCAGGCGCTGAAAATAGCGCCTG,TTGCAGGATTTTAGCTTGTTTCATGGCTTAAACGTCATTTATTCTCTTGA
TCAGAGACTAAAAGCATTGCAGTTTCTCGCGCAGGCGCTGAAAATAGCGC,TTAAACGTCATTTATTCTCTTGAGTCGTCGAAATCGTCGCTAAGATAATT
TTAGCGGCTTACACGCGGTCACATTCAAATGCGATTCTGCTACAATCCTC,TTATTCTCTTGAGTCGTCGAAATCGTCGCTAAGATAATTATACTCAACGG
TCTATGTAAAGGGCTGAAGGGATTCGGATGTGATGGTATGATTACAGACA,GTTGACAACATTTTCTGCTAACCCTGTGACCTGCAATACTGTTTTGCGGG
GGCGATGTTAGGAAAATTCCTGGAATTTGCTGGCATGTTATGCAATTTGC,TATGTAATTAGATTTGACTGAAATCGTACAGTAAAAAGCGTACAATAAAG
TCCGAACCTTCTCTTTTGTAACGTTCTAAATATATTCCTAAAAATCTTCA,TGTTGCTGCAAAAAGCAGCACAAGGTGCATTTCATGGTATAGTTGACTAT
CACGGGCATTTGCAGTGCTTGCCGAAGGAAGATTGAGTCTATTATTGGGT,ACTGAAATTAGGTTGACGAGATGTGCAGATTACGGTTTAATGCGCCCCGT
AAGTTTTTCTTCGCTTTTTCGTATGAAGATACTGTCATTAAAATAATAGA,CGTTAACTCTTCATCTGTTAGTCACTTTTAATTAACCAAATCGTCACAAT
CATAAATCATATGCGTTGAATGGATATTATCCATATAGTGAATTTGTTGA,ATTATTAATCTGTAATATATCTTTAACAATCTCAGGTTAAAAACTTTCCT
GTACTCAATCGCCGGTTAACCTTGACCGCTGTACAAGGTATACTCGGACG,TGTTCCGACCACACGGCGTTTATGTACCTGGGCGAATTGATTGAGTTCAG
ATATCCGCCGAACAATCATTAAAGAAAGCCGCCCATTTATTCTGGATTAT,TTATGTACCTGGGCGAATTGATTGAGTTCAGCAACACGGACGATCTGTTC
AAATAAGACAAATCAATGACATGCATAATGCTGATTTTTATGATGAATTG,AAATGATATTTCACTTTGCCCATGCCGTTAAAGTCACTGATAATGCGTCC
CGTCTCCGGTATGTTGCCTGAGGCGGTTTTTTTGTCTCTAACGTGCGGAA,TTTCTGCCATTCCATTGCCGTTGATAAAGAGTTTATCTGTTAATCTGTAA
CCTTAATTATAAAGATTTGTAAATATAACCGTCTCCGGTATGTTGCCTGA,ATTCCATTGCCGTTGATAAAGAGTTTATCTGTTAATCTGTAAATTGATGT
ATTTAGCAAATCAATACACTTCAGGGGGGTATTATTGTAGAGTTTCCCCA,TATGGTGTGATCGGGGTTCAATAAATTGCGAAACAAGGTATACTCCAGCA
TCTTAGACCGGAACAGATTAACATCATCAGCACAGCCTATACTTTTTTTA,TTTTTTCAAGCTGACGGCAGCAATTCACTGGAAACTAATGTATTGTTGCT
TGTCTTTAACGCTATTGCGCTGTCAGATGTAACTCTGTAAAACAGATCAG,CGTTATAGGGCGTTTGTTACTAATTTATTTTAACGGAGTAACATTTAGCT
AATGGTAGTTTTGATTGATGTATAAGGCGATTGAGTATAGAATCTCGCCC,GACTGTATAAAACCACAGCCAATCAAACGAAACCAGGCTATACTCAAGCC
CGCGGTTAATGGTAGTTTTGATTGATGTATAAGGCGATTGAGTATAGAAT,GCTGGTGATGGTTATTGCCAGCCAGCTTATTGCTCGTGATAAAACGAAAG
GTTAATGGTAGTTTTGATTGATGTATAAGGCGATTGAGTATAGAATCTCG,TCGCTGGTGATGGTTATTGCCAGCCAGCTTATTGCTCGTGATAAAACGAA
TTAATGGTAGTTTTGATTGATGTATAAGGCGATTGAGTATAGAATCTCGC,CTAATAGTTGACAGATTTATCCGCTCCATCGCGGGCGGATAATCTCCCCT
TCTCGCCCTGTTCCGCAGCTAAAACGCACGACCATGCGTATACTTATAGG,AATTAGGTAAAGGGATGGCCTTGTTCTTGAAGGCTATTTAGAATCTCTTC
CCAGCCAGGTCTGACCACCGGGCAACTTTTAGAGCACTATCGTGGTACAA,GGTGATTTTGATCACGGAATAAAAAGTGATCGTCAGGTTACATATATTTC
ATCTTACAAGACGAACACGTTAAGCGTGTATACCTTGGGGAAGACTTCAG,TTTATTGCAATCGGTTGCTAAATTGCATTTTAAGAGGTGATTTTGATCAC
ATCAGCAAATTGTTGGCAGACTGAACCTGATTTCAGTATCATGCCCAGTC,TTGTGATCTGTTTAAATGTTTTATTGCAATCGGTTGCTAAATTGCATTTT
TCGCCGCATGCTACAGTTGCAGGAGAAGGGCTTTAGTGTTAACTTTGAGC,TGAACGATTCACCGTTTTTTTCATCCGGTTAAATATGCAAAGATAAATGC
TCCACCACCTTAAGCATTGAGCAAGTGATTGAAAAAGCGCTACAATACGC,CTATTAAGGGATTGACGAGGGCGTATCTGCGCAGTAAGATGCGCCCCGCA
GCGCCAACAATTATTGGTGTCCACGACGTATTTGTGGTATAAAGCGCGCC,AATTCACGCCCTTCTCTTTTGACATTTCTTTTGCACTGGTAAACTAAATC
TGTAAAACTTTGTTCGCCCCTGGAGAAAGCCTCGTGTATACTCCTCACCC,TGTTTCACCGCGTTTCATTGCAACAATTATGAAACAAGACTAAACCCAAT
CAAAAAAGGCCGCGGTGCTTTACAAAGCAGCAGCAATTGCAGTAAAATTC,ACGTTTTCGCGAGGTTGATGCGGTGCTTTCCTGGCTGTTAGAATACGCCC
TCAATGAATTAAAATTCAATTTATATGGATGATTATTCATTTGCAAGTCT,ATTTATAAAGATCTGATTGAAGAATCAACAGCAACATGCCAGGATGAGTT
AGCAAAAATAAATGCTTGACTCTGTAGCGGGAAGGCGTATTATGCACACC,TTGAAGAATCAACAGCAACATGCCAGGATGAGTTAGCGAATTACACTAAC
AGCAAAAATAAATGCTTGACTCTGTAGCGGGAAGGCGTATTATGCACACC,AAAAATACCCATAATGTTGTCCTCTTGATTTCTGCGTTCAGGATTGTCCT
AGCAAAAATAAATGCTTGACTCTGTAGCGGGAAAGCGTATTATGCACACC,GGGGACCGACCGAGCGCCTTTTTGACTCTGTACACGGTTAACACTTTGCC
TCCTGAAATTCAGGGTTGACTCTGAAAGAGGAAAGCGTAATATACGCCAC,TGATACGCAGTTTTTTGTCAAGCGGGGCCGCAACCAGTAAACTACGCGCC
TATGTGCAACGCGCTTGCCAGGCGCGAAAGAGCTAACCTACACTAGCGGG,GAGTGCTGTATAAAAATTGCGCAATCTATCCGCTTACTTTATGATGCGCA
ATCAGAGAAAATGATGTTTCCGCGTCTTGATCCAGGCTATAGTCCGGTCA,AAAATACAGGGCTGGAATCATCCGGCCCTTTTTTCTGATATGATACGCAA
AAAGTTAATGTTATTAATCTGTTAACATTACGTTATCTAAAATATCTGGT,CAGCCACGCAACCGTTTTCCTTGCTCTCTTTCCGTGCTATTCTCTGTGCC
TGTTAAAAAACGCTGGACTCAGACAGTAGAGTGTGTGTTATGGTTGACTA,AAGAGAAAAATTCGCGAGCGTTGCGCAAACGTTTTCGTTACAATGCGGGC
CGCCAGTCGGTGGCTTTACGTTGTGCCTGTACCCATTTAATATCGTTAAT,TTCCACGCAAACGGTTTCGTCAGCGCATCAGATTCTTTATAATGACGCCC
CTCTTTTACTTTTGATTTACAGAGTAAAGCGTTGGGATAATCTATCTTCC,AACGTTCGCGATTTTTGAAAGAAAACGGTCAATGGTACTATATTGACGGT
ATGTAGGTTAATTGTAATGATTTTGTGAACAGCCTATACTGCCGCCAGGT,AATTGAACGTTCGCGATTTTTGAAAGAAAACGGTCAATGGTACTATATTG
AAGCTTCCGCGATTATGGGCAGCTTCTTCGTCAAATTTATCATGTGGGGC,TGAACGTTCGCGATTTTTGAAAGAAAACGGTCAATGGTACTATATTGACG
GATGTGTGTCACTGAATGATAAAACCGATAGCCACAGGAATAATGTATTA,TGTCACATTTAACATGGTTGCACAAAGTTGCAACATCATGGATATTTCAC
CTGCACAATTTTTTGCCATTTTTCCTAATTGCTGATGGGAAAATCCGTTA,CCCTTTATTTTTCGTGCAAAGGAAAACGTTTCCGCTTATCCTTTGTGTCC
TTTTGATTTCGCTGTCTGTTTATTTTCTGACAAGCAGCGTAAACTCCGCG,TATATTCGTTATCATTAAAAACTAATACAGAAAAAATAAATATAATTTTG
TGTTTTATTTTTACTATCAAAAATAGCTCATTGCCTTACTATAATTAATA,TGCAGTAAGGGTAGGGATTGCCTAATGTAATGCGCATAGGAGAATATTAA
ATAATATTGCGCTAGCATTGCTTTCTGGTTGTATCAGCGATACTCAAAAA,CTCGGCAGGCAATTGACGTACCCCTTTGATCCATTGATTTACGCTTGGAG
CTTAACATGCTTTTACTAATAATCTCAATTGCTGGCCCTATAATATTGCG,CAGTAAGGGTAGGGATTGCCTAATGTAATGCGCATAGGAGAATATTAAGC
TCAGGTCTATATTTGTGTTGAATATATTTTGCGCGGAAGTATTCATCTAA,GATACCATTTTGATGCGTGACGAATGCTTTGCCATCCAGTACCATAGCGC
GAGGATAAAAAGGAATTTACTACTATCAGTGTCTTAAATAAAGTAATCGG,GAACAGCTTTATATTGCCAGTGCCACCGCCACCTATATGGTAGGTTGAAG
AAACCACGTTGTTTTGAATTATATATCACGTCTTATAACAAAGTAATGTA,TGAAGAACAGCTTTATATTGCCAGTGCCACCGCCACCTATATGGTAGGTT
ATCAAAACCACGTTGTTTTGAATTATATATCACGTCTTATAACAAAGTAA,CGCCGTCGCCCGCGTTGAATTACACAATGAAGAACAGCTTTATATTGCCA
AGCTCTATAACACCTGAAAAATAGGGATGTGCATCTTTATATATTCTGAA,CGTTTCCTTGCTGAAGAAGAGTTGTAAATTCGGTCATGATAATAATTCTT
TCTTTACAGGAACTTTTTAGAGCAATAGGCCATCAGGAGTATAGTGATGC,CAATTTCTACAAAACACTTGATACTGTATGAGCATACAGTATAATTGCTT
CAGCCATAAAATCATTTGCAGATGCGCTCTGTCGAGGTAGTCTCATAAGG,CAGGTCAACCGAATGCAGACATCGCAGGCGGGATGTGTCAGCATCAGCGT
TCTTCCATCGAATTTTTCATGTTGCCGCTAATCAGCCATAAAATCATTTG,GCAAATTATAAAACTGGAACCTATTCGTATAGTTTATGTATCCTGTAACC
GGAGAGCCGTCGATTGACACTAAGGGCGGAGTGACATAATTTCAGGAGTG,CTGAAGGCCTGGATCTGTATCTCGCCCCCGATAGTGAGATACTCGAAACC
CAAAGCCTGCGGATTGACAATCTTATCGTGAAGGCATACTTTCAGGAGTG,CTGACTTCCTTCGTGACTTGCCCTAAGCATGTTGTAGTGCGATACTTGTA
TCACCTCAGAATCAGATGAAAACTATAAAGAAATATCTATTATGGTTTTA,TTATTTTCAACGCGTTTGAAGTTCTGGACGGTGCCGGAATAGAATCAAAA
TGAGGCATAACAATTTCCATCAACAAAAATCCAACAAATAATATCATTTA,TTAGCGTGAACTCTGACGGTATAACGCAAACCGGGGAATATAATTAACTT
GTCCTGAATGGTTTGCAGCTCATTTACTGCTTCATCAACGAAAATTTTAT,GTAAATCGTTATATTTCATGGCGTCCATTGTAGCCTCTTAATCTGCGCCC
CGGCATTGATAATCATTTTCAATATCATTTAATTAACTATAATGAACCAA,AAGATGAAAGGCTCTTTACGTTAGATGAGCTTATCAGATTAAAATTAATT
ACAGGGTAAGTTCATCTTTTGTCTCACCTTTTAATTTGCTACCCTATCCA,TGTCTGATATCGCTGAATTTCAATATAAAACTACAAACTATTATCATCCT
CCATTAATAATGCATTTGCATTACCTTAGTTCAAGCTTATAATTTGAGCA,TCTGATATCGCTGAATTTCAATATAAAACTACAAACTATTATCATCCTGA
CAATAACATCTCTGCGAGACGGCTTAACATGCCTGTTGTAAACTGTGAGC,GACAAGGTTATATTTGGCGGGCGTTTGGCCGAGTATAAATATTATGATAT
ATAGCCTTTCTCCTTGCCGGATGGCGGGTAAGAGGCTAAGATCTGAATTG,TAATTGAGCATAAACATTTTGACTATGTTGAGACAAAGCATACGGTTGTT
TTCATAGCCTTTCTCCTTGCCGGATGGCGGGTAAGAGGCTAAGATCTGAA,TGCATCAAGTGATATCTGCCGCTCTTTATCAAGTGAAAAATATAATGAGT
TCAGTGTTCAGTTCGTTAATTCATCTGTTGGGGAGTATAATTCCTCAAGT,CTGTCAGTAACGAGAAGGTCGCGAATTCAGGCGCTTTTTAGACTGGTCGT
TTCGAGTGCATCCATTTGATTAACTCCTGTCGTGATATTTATTCACAAAA,GCGGCAACAGGCGAAAGGTTAATCGACAGCACGATTTTTACACTCATCTC
CCGTACTGGAATTTACGAACGATCGGATTAAGCAATGTAATATCCTTTCT,AAGCAGAAACGTTATTTGCCAGCGATGCGGCGGGATTACTGACGCTGGCA
CTTGTAAGCGGCGCCACCAAAATCATCGTGAAATGATATCCTTCGTCATT,TTCATGTAACAGAACGTTTCCATACACCGCTATCCATCTAAATTTAAATC
TGCGATCAAAATAACACTTTTAAATCTTTCAATCTGATTAGATTAGGTTG,CGACGCGTCGTGATTAGGTGAACCCCTTCTCGTTATGGCAAAATAAGCCA
CAACATAGTAAAAGCGCTATTGGTAATGGTACAATCGCGCGTTTACACTT,AGTTCCAGGAAAAATTGACAGATTTGTGCCATTCCGTGAACGATCGACGC
GAACCGAGGTCACAACATAGTAAAAGCGCTATTGGTAATGGTACAATCGC,CCGGGATTGCTAATGCTAATAACAGACGCGCTTCACTGATATACTTCTGC
TGAATATACAGTATTGGAATGCATTACCCGGAGTGTTGTGTAACAATGTC,TATGAGATTTCTCATATTTAGCATACGTACGCTGTTGTTAAGATTCAATC
TGTCCGTGGAACGGTAAACCGTACAAAGACAAAATCACCGTCTTCAGCCT,GCCCCCGCAACCACTTTCCCTTAGAGTCCTTTTTCAAATATACTGTGAAG
CGCCATTGAGGCTGGTCATGGCGCTCATAAATCTGGTATACTTACCTTTA,TAAAAATCATTCGGGTCGGATTGCTGCGAAAGAAATGATACACTAGCACG
CATCCGACACAAATGTTGCCATCCCATTGCTTAATCGAATAAAAATCAGG,CTCCTGGCGTTCGGATATTTGCCCGCCGCGTGATTCGCGTTACACTTGCG
ACCAAAACTTTGAATGACACTTTTCGGTTTACTGTGGTAGAGTAACCGTG,TTGTTTAGTACTCAGATTCATCGTATTTTTTGCTTACGTTGGGATTGAAA
ACATAAATTAATCTTGCCCCTTAAGAATAAGTTGCCTATTTTCGTAGTTA,TATCCTTAATGGACGCGTTGCAAATCCATGGAAAACTCCGGACAATGACG
TTGCCGGGGAGACTTCTGCTTCGAACGGTTGTGCAATAGAATGCGTGTCA,GCTGGGTTCGGGATTGTAATGTCAATCCACACCCACAGGAAAATGTTGTC
GTTAAGGCTAGCGGAATTGATTATCTTTTCGTATAACGATAGAAATGAAA,CTGACCGTCATTCTGTTGAGCGCGCTACCGTTCAGGCGATACAATGGCTG
GATTTTTCTCTTTCCCTTTTCCCTTCCCTCTGCCATTTTTATATTCCTTA,GGTGAGACATATTAACCTTGCCGCGTCAGACAGATTCGCGTAAAACTGTC
TTTTTTACTCGGCGCTTGATTCACCTTGTTACAGATTGCTATTGTGTGCG,TCTCCCGTGGCTAACGACATCCCCCGTCGTTGTGTATAGAATATTCCCCC
TCGTTATTACAATTAAATACCTTTAAATATCAACAAGTTAAAGTATAAAA,CGACGAGAATTACGTGACGAAGCGCGCGGCAAAGTGGACAATAAAGCCTG
ATTACAATTAAATACCTTTAAATATCAACAAGTTAAAGTATAAAAATCAG,TGGTAAAAGTCATCTTGCTATAACAAGGCTTGCAGTGGAATAATGAGGCC
CACAAATTAACTTTCAATACTTTCCAGAGTATCGTTATTACAATTAAATA,GAAGTGAAAAAACTGTGAGTAAGCGGGTGATAAATGGTAAAAGTCATCTT
TACAATTAAATACCTTTAAATATCAACAAGTTAAAGTATAAAAATCAGCA,TAGCCAACAGGATTCGCGCCACTCATTTTTCTATGCTTATATTTACTTTT
GTGCATACTGTTGAGCTGAAAAACTGACGAATTATGATAAACTCCAGCCA,ATGTGACGCAAATCACTTCAAAGAGTGAGCAACAGTCAGTATCATCATGT
ATTAAAATTTTATTGACTTAGGTCACTAAATACTTTAACCAATATAGGCA,GTGAATGTGGGCTTTGTCACGAGCACACAGACGGTCTTATACTGTATGAT
TGCAATTTTTTAGTTGCATGAACTCGCATGTCTCCATAGAATGCGCGCTA,TAGTGAATGTGGGCTTTGTCACGAGCACACAGACGGTCTTATACTGTATG
CACAAGGCCATTGACGCATCGCCCGGTTAGTTTTAACCTTGTCCACCGTG,CGTGTGAACCTCAACAATTGAAGACGTTTGGGTGTTCACCAACGTGTAAC
CGCAATAACCGTTCTCGACTCATAAAAGTGATGCCGCTATAATGCCGCGT,ATTGACTGTAGCACTTGTCAAAGGCGTGCGTTTTGCGTAATATTCGCGCC
TAAACAATTTCAGAATAGACAAAAACTCTGAGTGTAATAATGTAGCCTCG,CAAAGCTGAAGTTGTTGCTCACGGTCGTGGCGAGAAAGTTAAAATCGTTA
GGCGATCCCGCACTTTGTCAGGCTGCGTTGGCAGCAGCTAAACTTGCGAA,CGAGATCAGCCCTAACGCCGAGCCGCCGGTTTGTCGTATAATGGATTACG
TGATCGTCTTGCCTTATTGAATATGATTGCTATTTGCATTTAAAATCGAG,TGAATGTTCAGGGAGAGTATTCATTTTCTTTGTTTAATTTACTAAACATG
CAATAGATTTGCTTGACATTCGACCAAAATTCCGTCGTGCTATAGCGCCT,TCTACACAGATAATGCGATGTTCAGATTCTGTAGACTTATAATGATAGAT
TTATCAGGTACAGTGTGACGCTTTCGTCAATCTGGCAATAGATTTGCTTG,AGCTTGCATTGAACTTGTGGATAAAATCACGGTCTGATAAAACAGTGAAT
TTGCATGCTAATAAAGTTGCGTATCGGATTTTATCAGGTACAGTGTGACG,TTGTGGATAAAATCACGGTCTGATAAAACAGTGAATGATAACCTCGTTGC
TTCATCCTGACCAGTGCCGCTGTTCATATTTGCTCATTAAGATCGCTTCA,AATTCCACCGTTGCTGTTGCGTCGCAACCGACAATTACGTATTCTGAGTC
GATTATTACAAAGGACTTGTCTGAAAGTGCAAGATAGTGAACATTACCTG,GGTTAAAGGCATGTTGCCAAAAGGCCCGCTGGGTCGTGCTATGTTCCGTA
CAGTGAAGTAAGATCTAAGAGGAGTTAAATTTTATACAGTATAATCATAA,CTTTACTAGCAATACGCTTGCGTTCGGTGGTTAAGTATGTATAATGCGCG
TAACCGAGCAGTGTTTAAAGTAAAATCTTAACTACAATATGATTCATTTT,TTTTCGCATATTTTTCTTGCAAAGTTGGGTTGAGCTGGCTAGATTAGCCA
TAAGATCTAAGAGGAGTTAAATTTTATACAGTATAATCATAATATTGCAG,AGTTAGCAACTGTTGATTGCAATTCCCGCAAAAATGAGTAAAATTTTCGG
GGGACGTCGTTACTGATCCGCACGTTTATGATATGCTATCGTACTCTTTA,ATCCTGAAATTCAGGGTTGACTCTGAAAGAGGAAAGCGTAATATACGCCA
TAGAATATCAGCTTACTATTGCTTTACGAAAGCGTATCCGGTGAAATAAA,AAAAGCAAAGAAATGCTTGACTCTGTAGCGGGAAGGCGTATTATGCACAC
CTTCTGTTCTGTTAAATGTGTTTTGCTCATAGTGTGGTAGAATATCAGCT,GATCCATAGCTCTTGCACTACCTTTGCATCACTGGCATGTTTAACATGGT
TGAATAAAACAGATTGTTGTCTGGAACAATGTCCCCGATAATATGTAACA,CATTGGCACTCATGCTATTTTCCACCCATTCACAGTGACTATATTGATCC
ATCCTGTAGTGATGTTGCCAGAGTTACGCGCGCGTAAAGTAAGGTAAATA,CAAATATAGCAAATTCGTCGATACCGCGCCAACATATGGCTATAATCGCC
TCACGGTGGCAAAAAATATAAAACCACATTTTTAGTGGTAGTTTGTGGCG,GCGGCCATCTCCATTCTGCTGGTGTGGCTGAAAAAACAGGGTATGCTGCG
ATGTTTGTGATCCTGTTTTGTAGTGCGATTAATCCGTGTACAATAACGCG,CCATGGATCTTTTTCCCTTGAGGGATGTTATTAGACCGCTATACTGGGCA
TCCTGAACATCCACTCGATCTTCGCCTTCTTCCGGTTTATTGTGTTTTAA,GCTGAACAAGAAGCGGTTGCCGCGCTGGTGGCGCTGGGCTATAAACCACA
GTAACGTCGGTTTGACGAAGCAGCCGTTATGCCTTAACCTGCGCCGCAGA,TATGCTGGAAGATTGCGACGACGTGCAGGAAGTTTACCATAACGGTGAAA
GTTGACAGAAACCTTCCTGCTATCCAAATAGTGTCATATCATCATATTAA,GCGAAGGTACAAAAAATTAACGTTTTAGCAATAGCTATATAATATAGCCT
CATGCGATTGTTGCGTTTTTGTTGCGTATTAGATCACTTAATTTGCTTTA,AAGAAGAAATCTACTTTGCCTGGCGTCTGGGCGTGCATTGATCCTGACTT
AGGTGTTCCTGGGCACGTTGAAGTTGCCCGCGCTTGCAGTACAGTAAATA,ATGGGCAAGGATTATGGTTTTATTTATCATACAAATAAATATAATAGGCG
TAATTTAACAAATTTACAGCATCGCAAAGATGAACGCCGTATAATGGGCG,CAAGACCACCGGTCGTATGGCAAGTTTCATTTGGCTGATATAACCTAAAG
AGCAGCCGAATGATGAAGCTTATCAACGCGATGATGAATATAATCAGCAG,TGTAAGAAACTCCGCTCAGTACTGAAGCACCAGTCCTATTTCCTCTTTTC
GGTAAACCTATACGCTTTATTCACATCCAATGCCTGATATACTCGTTTGT,CGTGGCGCAGAAAAAAGCAAATGGCACATCTGTTTGGGTATAATCGCGCC
GGTGATGAGTATCACGAAAAAATGTTAAACCCTTCGGTAAAGTGTCTTTT,AACATAAGAGAATGCGATGGCTTGCAAAAGTAATTCATTGCCTGAATAAT
AATCATAAATAATCTTGTTGTGATTACTTTTGAAAATTAGAGTGAGTGCA,GAGAATGCGATGGCTTGCAAAAGTAATTCATTGCCTGAATAATATAAATT
ATAGCCTGAATCAGTATTGATCTGCTGGCAAGAACAGACTACTGTATATA,CTTGCAAAAGTAATTCATTGCCTGAATAATATAAATTATATATAAATCTT
TCACCGGACGCAGACTTGTCTATGATGTCGCGTCATACTATTTTTCAACA,ATAAATTATATATAAATCTTATTTATGTGATAGTTTGAATTATCATTATA
AGTAAGCAAGGCGGATTGACGGATCATCCGGGTCGCTATAAGGTAAGGAT,TCTTATTTATGTGATAGTTTGAATTATCATTATAAATGATACTCACTCTC
ACCACTTGTTTAATGCGGAGAATCAGTACACTATTTTCTTATAATTACAT,GGCGGCTGTGATGACTTGTATGCATTGGATGCACGTGGTGGACTGGATCC
GGAGTGATTGATTAATTATCTTTACTAATAATCAGACTAATATTTACCTG,GATAAAATTGCCCTTGCGAAGGTCATTCGCTTTGGTTAGTATTCACACCC
ATGATCACCGGGAGTGATTGATTAATTATCTTTACTAATAATCAGACTAA,TGCGATAAAATTGCCCTTGCGAAGGTCATTCGCTTTGGTTAGTATTCACA
ATCAGTACACTATTTTCTTATAATTACATTTGAAATTATATGATCACCGG,CGCCCGCTGGCGTGAATTGCCAGTGCCGGTGATTGGTCGTATTTATGACG
TTACATATATTAACCACTTGTTTAATGCGGAGAATCAGTACACTATTTTC,GCATGGCGCAAATTTGGCAGCGGCAAAGCGGTAGAAGATATTGTGACCTT
TATATTAACCACTTGTTTAATGCGGAGAATCAGTACACTATTTTCTTATA,TCTGGCATGGCGCAAATTTGGCAGCGGCAAAGCGGTAGAAGATATTGTGA
ATCCAGTATAATTTGTTGGCATAATTAAGTACGACGAGTAAAATTACATA,GACGCAAACGTTCATATTGCCGCAATATTATTTTTTGATATGTTGAAAGG
CAGAAATATTATGGTGATGAACTGTTTTTTTATCCAGTATAATTTGTTGG,TTTACCAGGCAATTGTCGATTGCTCTAAATAAATCCTCTAAACCAGCATA
ACAGTTATCCACTATTCCTGTGGATAACCATGTGTATTAGAGTTAGAAAA,CGGACAGGGACTGTTAAAATGCCAAATTTCCTGGCATCATGGCAACCATC
CTGGAAATTTCCCGGTTGGCATCTCTGACCTCGCTGATATAATCAGCAAA,AGGAAAAATTGTTTGACTTATAAGTCTCAGAAAGTAATATGTGCGCCACG
AATTTCAGAATTCGGGTTGACATGTCTTACCAAAAGGTAGAACTTATACG,CACAACTTGTTTACAGTATGAGCAAACAATAATTATCATTAAAATTCTTC
GTTGACCAGTTTTCGTTTTTTTGCCCACCTGTACGTGCCAACTTCCAGTG,ATTAAAATTCTTCTTGACCGTTTTACTCCAACTCCCTATAGTAGCGCCCC
TAGAAAATGCGTTGACTCATTTTGAACTCTCCCTATAATGCGACTCCACA,CAAAAAGTTTGTTGACCTCAGGTCATGATTTCCCTAAATTAGCGCCCGTT
TTACGTTTTGCCTCTTGCCACCTTCCCACTCTGCCGCTAATATTCGTCCC,CCTCCTCGTTTGCCCGTGGACGCACACGCTACACGCCGCTAAAACGCTGG
ACGGGAAAAGTAATGGTAAAGCCACAGCTAAATACATAGAATCCCCAGCA,TGGGGCACCCCCTTGCTTCATCGTTAGGAATTATTGACTTAATATAGGGA
CTACCTGAATACTGATAACGCACTTACTTTGACGTGCTAGTGTATCATTT,GTTAATGAAACCTTCTTGACGCTGATTTTTTTTCAACCTAAAGTAAAGGA
GAGGATGTGGCAAACGTTTGCTTTTCTCTTTCGGTCAGCTAAAATGCCCG,TACATGGCAGGCCTATTGACGCTGTTGTTTTTTCAACCTAGAGTAAAGGA
CTGTTTCTCTGTTTGAACGATGACTAAATAGTGACTGCGAAAATGAGATA,CTTGTAAGGGCAATCCTGTTGCATTGAGCATAAACTTCACAAAGTAGATT
TTTTGCAAAAAATGCTTGCTATCCCCGAAGGGCGGGTTACTATCGACTGA,TTTAGCAATACAATTGCTGCACACTATTCTAAAAGCCGCATAATATCTTA
TTTTGCTGCGTTGCGTAAATTGATGATGAATCATCAGTAAAATCTATTCA,GCAGCAATACATTTGTTTTAGCAATACAATTGCTGCACACTATTCTAAAA
GCCTGTAACGAATTGATATTTCTCTGAACGCTGCTCGGTAAACAATAAAG,CCTGTCAGGCGCAGGATTCAATGGCGATGTGGCGCGAAAATAATATTGAT
TGACTTAACCGTGGATGCAAGTCTAAGCCTACGAAGATAAACTCTGTTTC,TCCATAAATCGCTTTACCTCAAGTTAACTTGAGGAATTATACTCCCCAAC
ATGGCGGGATAACTTGCCAGAGCGGCTTCCGGGCGAGTAACGTGCTGTTA,TTCGCCGAACTTTCACACTTACGTTCGGTTATGTGCTTAATAATGTTATG
ATGTTTTTACATAATTAACTGAAATATATATGTTAATTTTATAATAATGG,TTGCATGGGCGACAGATAACGACGCCTTACGCCATCTCTCAACCGAAATT
GCAAATGGAAAGACAACTGGTGCTGGGATTATGATGTATACTATTATGTA,TGTTTTACCGTTGCTCTGATTAATTGACGCTAAAGTCAGTAAAGTTAATC
AACCCAGATGTAATTGTCATCAAAGGCGGGAATACTGTTAAGATTCATAG,TGCGCGGGAGTTTTTGCAAACGGACGTGGTGGTAGTCGCTATTATTCTTT
ATATTTCTAGAGAATAAATTTATATTGATTAAATGAATGTATATTTCAAA,TACACAAAATTTATATTTGGAATTTTCTTGTCTCTCCGACAGACTGACCG
TGATTAAATGAATGTATATTTCAAATTGATTTTGTTTGTTATTATTTAAG,AGATTAAATTTTGTGGAAATATAATAAGTGATCGCTTACACTACGCGACG
TTTCAAATTGATTTTGTTTGTTATTATTTAAGTGAGGTATATAATTAGAG,CCCTGCGTTTGCTGGGTTGAACTGATAATCATTATCACTAACATGCTGTT
TTCCCTTCCGATTTACCTCTCCTTGTTCTGCGTCATAGTATGATCGTTAA,GCTTGGCGTTATTGCTTTTAATCTCGGTAAACACCACGCCTATGATGTTG
GCGTCATAGTATGATCGTTAAATAAACGAACGCTGTTCTATAATGTAGAA,TCCGAAAATAGGGTTGATCTTTGTTGTCACTGGATGTACTGTACATCCAT
GTTTTTGAAATTTATTAATTTAAACAATTAGTTGAGATATATCGTTGGCG,AACGGAGTTTTTGGTTGTCGGCAGCCCGCAGTGCGTTGTTTAATCAGATT
ATAAGATATGACCATTGCTGGTTAATTGAATAGCTCATTACACTCCATTA,TATTCTATTTTTAGCTGGACTTTCCCCATATTTACTGATGATATATACAG
TTGTGAATGTGTTGGTTGACATTCATATGAAAAAAATCATAATTCCATCA,ACCGATCTGAATGATTTTGCCACCATCAACGAAGTCTATAAGCAGTTCTT
CGTGAAATTCATTGTTTTGATAATCGCTGGCAGAAGCATAAACAGAACTA,GCGCAGGCGCTGGCCTTTGCATGCGTGCTGTCGATTGGTGATTTTGGCGT
CTGGTAATATTCTTCACTCCGAAGAAATACTGGTAATTTAATCTAAATAA,TCCGCCAGCCCGACGCGCAGTTTACCGGTGCCTGGGTGCAGTACATCAGC
TGACAGGTCATTTAGATTGTCAATATCAGAATCATGGTAAATTGATGTTG,TTCGTAATAATGCGATGAAAACCTGCAAAGAGTGGCTTATAGTTAAGCTA
GTTCCCGTTGATGTTGAAAATCCCGGTCAGAAGATCGGGATTTTTTTTGA,TATGAACAGCGGCACTGGTCAGGATGAACGGCTTACGGCAGAATATGAAC
AATGAAAATGATAATTGTTATGCTAAAGTAGCCACTCTGTAAGCTGACAA,GCTAGATGCATTCCGCTTTGCGACTCAACCTTTTTCACCTAAAGTGCACC
TTCACGATAAGACCTCAATGAAAATGATAATTGTTATGCTAAAGTAGCCA,TTCAAAAGTCCCTGAACTTCCCAACGAATCCGCAATTAAATATTCTGCCC
TGGCGCAAATGGAGTTGGAGACTTGTTTAATGTGTTTGTATGATTCAGTA,AGCGCAAATAGCGTTTGCTGTGTTATTGACAGTTAGCATAAACTAGGTGT
GCACAAATCGTCTTTGAAGCTCTGATGAGTAACCTGCGTAAAGAGGCGAA,TCGGGAACGTTCCCGTTTTTAAATTTTTCCGCGCAATATATTCTGCAGCC
TTACTGAAAGAGAGTTCCCCCTTATTCCTGCGAAGGATAAACTGTTTTTA,CAGACTTTACCCATTGCTGAATGCACGGGTAACGTTAGGCTCAAATAATT
TTATGGCGTAAGAAAATTGCAATACGATTATTGTTGTATATTCAAGATAA,AAACCAGACTTTACCCATTGCTGAATGCACGGGTAACGTTAGGCTCAAAT
TCGTTTTATGCTTTTTGTTAATGTCTTTATTTTTTATGTATTCTTTTGTG,TAATAAGGAGAATCCAATAATATTCGTAGCATCTATGGCGATATAATACC
TTGTGATTGCTTTTGCATGAACATTGCGCCTTTATGCATAATGAGATAAA,CTGGCCCATGCGTTGAAAATGATGCGCGAAAACCCGGATAAAGAGCAGCT
AATTGTGATTGCTTTTGCATGAACATTGCGCCTTTATGCATAATGAGATA,GCCCTGGCCCATGCGTTGAAAATGATGCGCGAAAACCCGGATAAAGAGCA
CAATTCTATCGATTTTGATTTTGGGAAATCAACACGGCATAATTATGTCA,CACCGGAAGAAAACCGTGACATTTTAACACGTTTGTTACAAGGTAAAGGC
GGCCAACGTGCTCAAACCTTCATACAGAAAGATTTGAAGTAATATTTTAA,TCTGAAATGAGCTGTTGACAATTAATCATCGAACTAGTTAACTAGTACGC
ATCTAAACGTCTTGATTGCCAAATACTAGCATCGTGTTATAGTGCCTTCA,AACTACGGCGAGGCTATCGATCTCAGCCAGCCTGATGTAATTTATCAGTC
TTTCTCCCTGTTAATCATGAACAAATCATTCGCCATGATTATAATATTTA,ACCGCGGCCTTTTTTGAAAGGGACTTTTATAAGGGTGAGGAGTATACACG
AAATCATTATCATTTCCTTATGGTTGCAGATAAAACATATTATATTTTTA,CAGGGGCGAACAAAGTTTTACATCAACCCGCATTGGTCCTACACTGCGCG
TTATGTGTTCCATTTTTGCGTAAGCCTTATTTTATGCGTATTATGTCGCG,TTTTGTGCGTCCCGCAACATCTTTCCCCGTCATTTTGTTACTCTGCTTAC
ATGCTTCGATTTTCTTTTTATTTTGAAAGCGTCAAGTTTATACTCATCAA,ACTGTGAAACGAAACATATTTTTGTGAGCAATGATTTTTATAATAGGCTC
CCTTAACTTGCCCTCATTCCCAAACCTCAATCGCGCGCGTATAGTAGCAG,GAACAGATAGCCATGTTGAATGCGCGGTTATCGTAGTTGCAAAGTTTGCC
AACTTAAATTAATGAAAAAATGTTATTAATCGTTGAGCTAAAGTCATTAG,GGTTCTTACCATGACGTTGACTCCTCTGAACTGGCGTTTAAACTGGCTGC
TTACGCTGCGTCGATGCACAGCCTCATCATTTTGCAGTATCCTTAAGATA,ACCGGTGACGTTATCGGTGACTTGAGCCGTCGTCGTGGTATGCTCAAAGG
GTATGCGTGGTTTTAAATTTATTGATGGTGAATATTAATATTTTTTCTAA,CAATCGTTAACCTAGTTTGCTTACGGACTCACAGGGCGTAAACTAGCGCC
AAGCTATAACTGTTAAACACAATACAGTGAAAAGTTTTAGACTGAAGGCT,GTTTTGTGACGTTGTCACATTATGCATGATGTGTACATCTATTTTCAGGG
ATTCAGGGCGCAGATTCATTCAGCGCACCTAAACGATAGTAAAGTAACAA,TTCTCAACGTAACACTTTACAGCGGCGCGTCATTTGATATGATGCGCCCC
TTTACTAGTAAGCTGTTGAAAGAAATGGTAATTTACGATAATGTTTTTTA,TAAATTTCACTGCTTAATATTAACTTAATAAATATCAGCTATTCTTATAA
TACGCGACATCCAGCGTGCAAGACGTGGCTGAAGACACTAAAATTTGCCA,ATGTAACAAAAAAGTTATTTTTCTGTAATTCGAGCATGTCATGTTACCCC
TCGCGTATTTTCACCCATTGACAATGTTTTTGGCGGTGGCATGATGCGCA,CACGCCGTCACCGCCTTGTCATCTTTCTGACACCTTACTATCTTACAAAT
CTGCCTCGCAGAGTTTTGAACAGTTTTCACCCTTTCGTTAAATTCTTCTG,CCTGGACGCTATCTCAGGCCTGATTTGCTGCTGATTTTTACAATGCATGC
CCCGCTGCACGAAAGCTTTGATTACGGGCCACGGCAAAGAAAGTGGCAAA,TTGCCTTAGTACCTTGCGGATTTATGCTACTGGCATTCGTTATTATCTGG
CCTGAATCATCACGTTTACAGGATTATGCCGCCTGCGTAAAGTGCGCTCC,TGGGCATCCGCACATCAATTGCCTTAGTACCTTGCGGATTTATGCTACTG
GTCAATGTAAGTTGTTGATACATAATATTTATATATGATTAATCAACGGA,TATTCAACAGCAATGATAGGCGCTCACCTGACAACGCGGTAAACTAGTTA
TAATGGTAGCGTCGCTTGTCAATGTAAGTTGTTGATACATAATATTTATA,AGTCAACGAAAAGAATATTGCCGCCTTGAAGAAAGGAGGTATAATCCGTC
TCTTCTATCTGACTTGCTTTATTCCAAATTTTATTCGTTTAAAAATAAAA,AATGCATTCCAATACTGTATATTCATTCAGGTCAATTTGTGTCATAATTA
AAATTTTATTCGTTTAAAAATAAAATGTGCAGCAGGTTATAATTTTGCAT,AAAGCCCATTTGCCAGTTTGTCTGAACGTGAATTGCAGATTATGCTGATG
TCTGACTTGCTTTATTCCAAATTTTATTCGTTTAAAAATAAAATGTGCAG,ACCCACCATTTTTAACGTTTCAAAGTTGCAATAAAAACCGCTAATATACG
CAAATTTTATTCGTTTAAAAATAAAATGTGCAGCAGGTTATAATTTTGCA,TGATCAAAACAGGGGTTCGGCGTATTAAAGTTTGCTAACCTGTCGTACCA
CCGGCTGGGAAATAGACCCCGTCGCATAAATGATTATGATAAGATTTATG,CATTAATCATCAGGAGTTGATCAAAACAGGGGTTCGGCGTATTAAAGTTT
ATATTCATCGCTGTTGCTTATTTAGACATTTTGTACTTTTATTGTTGAGG,TACTGGCGCGGCCTGCAGCGAGATTTACCACTTTGAGAGTAATTTTTTTA
ATAAGATAATCAGGGCTTTATTTTCAGCCCTGGTTGTTTTATATTCATCG,AGCTTTGCAGATTTTGCCACCGCTTTCACAGAAGTGGTAGACTTCGTTCC
CGGAGTTTTCCATGGATTTGCAACGCGTCCATTAAGGATAAGGAGAGCAG,AGATTTTGCCACCGCTTTCACAGAAGTGGTAGACTTCGTTCCTTATGAAG
TTTTTCGCGCCCTTTGGCTAACACTAAACGTACACTCATAATTTACTTTT,AGATGATACAGCTATTTCTTACGATGTAATTCCATTTATTAAACTTCAAG
CGGAATTTCATATTGACAACAGTACAGTTCTTATATCTATTAATAATAGA,TTTATTCAAAATATTGCCATTTTTTCGTTTTATGCATGATAATGTAAAAG
TACGTCACTCATAACTGCAACGGATAATTTGTTGTTGCATAAAATGTGTG,GATTTATTCAAAATATTGCCATTTTTTCGTTTTATGCATGATAATGTAAA
TGGCGCGACTGGGTTTTGAAAAAGAAGGCTATGCGAAAGACTATCTGTTG,TGGCACAAATGGGCAATTTATCCATCGGTAAAATACTATAAAATAGCTTT
CTTCCTGCTGAGTTGCGTTGATTAACATTCTTTTCATCGTAACTTACTCA,ACCGAATTGTTATCTTGCCTGCTATTCCGTTAGCTGTAACACTTCCTCCT
GCGTTATCCGTCCGCGTTTGAAGTTGCATTAATCGACGTACACTGGCGGA,CAGTATCGACAGCTCATTGAAGGCTACATGCTGCGCCATAAGGTGAAACC
CAGATACCCGTTATCTTAATATCCGCCACAGAATTGCTCTATCATAGAAA,ATGTCGGATATCTGGTGGTGAAATACTTTATGCCATGATAATTTAATACG
CGGCGGCAAAACTTGCATCGCTGTGCCAGACTGGTTATAAGGTGCGTTTT,CGCTTGCCTATTCCTGTACCAAATGTATTACCGGGTATATTATCCATTGT
CTTTCGATGGGCATTCTTTGACAACTCGCGTTTTGTAATACTTTTTGCCG,TACCATTGCGCGTTATTTGCTATTTGCCCTGAGTCCGTTACCATGACGGG
ACGACAAAAGTTGCCAGTAATCGTTATTCTTTAAGGCTATGGTTTTTCAT,CTGTGGTTCATACCATTGCCAGTGATTATCTACGCCAGCGTAAACTCGGC
GCGGGGTATCATGACGTCGAAACCTGCCGTGACTATGGTGATAACGAGCG,CTTTTGCGCAGAAATTTCGCGATATGGCAGGACAAGACGTAAAATTGACA
AAACCCTTGTGCTCAATTGACAGTTTATTTTCTGCGGAGTAGTCTCTCGT,GGCAGGACAAGACGTAAAATTGACAGCAATTTTATTCATATAAAGAATGA
TTACCACTAAGCATTGCTTAATATTCTCCTATGCGCATTACATTAGGCAA,AGAAAAGATTACGTGCCTGAATCTTCTCTTTATCAGCAGTAAACTAGTGG
TCGCTCGGCCTAAGTCTTTACCACTAAGCATTGCTTAATATTCTCCTATG,TGTATGCTACGCAGAAGTTATCAAGTACCTCGTAGCGTATATACTTCTTA
ATTAGGCACAGCCTATTGACAATTGCGTTAGGCGTCGCCTAATATTTCTG,AATCGACAATAATGGTCGTCGCCTCGCTCGCAGTGTGCTAACGTTTATCT
TCTCCAGTGATGTTGAATCACATTTAAGCTACTAAAAATATTTTACAAAA,GGGCAGAATAGCAGGATTTTGACGAGGTGTTAATCTGTTTACAAAAAAGC
CATACGATTTCCTCCTTTCAGAGTGCTCCGCTTCTCACTATTATCTCACG,GCACTTGTGAACTTATTTTTACTTAATTTTGAATTAAGTAAATTTAATTT
AAACGAAGCGGTGTCGCTGACAAGTGAAGTTGTTTGATTATGATAACTTG,AATTTTGAATTAAGTAAATTTAATTTGTTCAAAAGCTTCTAAAGTGCACA
AAGTGAAGTTGTTTGATTATGATAACTTGATTGCAAAATATTATTAACAA,ACAGGCGATTGTCATTACAGGCGGACCGGACCAAATTCCTAAAATCAAAC
CCCTTTTTCGGCATTGACTATGTCGTCTGAAAAGGGGCTGAAAAATTTAT,CTCTCACGAGTGACTGGTTTGAACGTGCAAGCCCACGTATTATCCTCGCT
TTAAGTACTGATGATTGACTTAGCCCCTTTTTCGGCATTGACTATGTCGT,AAATTGATTGAATGAATATACAGGGAATAATAATTTCTATTTTATATTAT
ACGAAGCGGCGCTTTTTGCTATAACTTAGAAAGTAATATAATCATCTCAG,AGGGAATAATAATTTCTATTTTATATTATTCCCTGTTTTAATTAACTCTA
CACGAAGCGGCGCTTTTTGCTATAACTTAGAAAGTAATATAATCATCTCA,CGGACTGGATCCTGATTTACAAACTTACCGATAAACTTTTACGATTTGAG
CAGGCACCGTAGCATTTGTCCGTTATAACGCACAAGTGATAAACTTCCGT,ACACCGGCTCCATTTCATTGATTTTTCATCCCGAAAAAGGTACGTTTTCG
TTAAGCGGGAAAACTATTTCGCAACGTCGCGCTTGTGGCTAAAATAGCCG,CTACCTTCGTCTCAAATTTAGATGTTGGATAGGTATTATATAATGGCATT
TATTTCCTAACTCCTTGACTATACTCCAGAAGATAACCTTACAGACGGCA,TTTGTTGGATTGATATTTACCATGTCAATGAAATGGTGGTTATGCTGCCA
CTGTAATAGCGTTTAATTTAATTCCTCTTAGATTGGGTAATATGAATTTC,GTTGATATGCGTTGATTCCATTAAAAATCAACATATTACAAAATATCATC
ACATTCATTTTTGCCACCTTTTATCATTGCCCCTATGTGTATAGTACGGG,AACGTTGATATGCGTTGATTCCATTAAAAATCAACATATTACAAAATATC
AAATCTTACTCACTGGCTTGACGGCACCACGCAGACTTATATCATTTGGA,ATATGCGTTGATTCCATTAAAAATCAACATATTACAAAATATCATCAACT
ATACTTCGGATTTTTGCCATGCTATTTCTTTACATCTCTAAAACAAAACA,TTGACCCGATACCCTTTCACTCAATCAGGTTTTATTTCTCTATAGTCTGC
GTCGCCGGTTACGACGGCATTAATGCGCAAATAAGTCGCTATACTTCGGA,GTTGTTATATCGGGCAGCGTTCACGCCTTGGCGTACAAGTTATTATTTTG
TAAAGTTAAGAAGATTGAAAAGTCTTAAACATATTTTCAGAATAATCGGA,GGGTCTGAAAGCCCTTGCTTTTCAGTTATTAGCAACATTTAACATTTATA
CATACAAAATCACTTGACCGATATGTTAGTCATGGCTAATCTTGTTTGCA,TTTAAATGCAATTAATTGACAAACTAAATCACATCTAAATACAATGTATA
GTCTGCCTGCAAAATTTTTGAAACCAGTCATCAAATATTACCGTTTCACA,AATAAATTTAACTTAAGGTTGCCATTTTGTGACTCACAACGAAGATTCAC
ATCAAATATTACCGTTTCACAACACTAATTTCACTCCCTACACTTTGCGG,TTCATGGCAGCTCCGTTAACGAAAAACAACATCCTTGCATATTCTGCAAC
CTGGTCAGCCATAATATTGATAATAAGAATCATTGTTATATCAATTATTA,TTACATGCCTTACCCACTTCCCCTCGCCGTTGGCAATGTTATGATGGCGG
ATCAAAAACAAACTATGACATGCAATATTCCTGGAAACATAAACTTTATG,TCTGCTAACTCATTGATTTTCAAATCGAGCGGTTCCAGATATTCATAGAG
AATTTAAGAGAAAGAGTTACACCGTCACCACTTCCGTGCACTGTATAAAA,ACTCTGCTAACTCATTGATTTTCAAATCGAGCGGTTCCAGATATTCATAG
TTACAATCGCTTTAAATATGACAGCATAACCTTTACATAATTTAGTTCCA,GTTAATGCAAATACGTCTGCCTGCAAACTATGGTCGCCGTTATAATGAAG
TTGCGTGGCTTTTGCATACAATTTATTACTATTACCCCTAAATTTCCCCT,CAGCGTACAGGTTGTTGCCTGATCCCTTTCCCGGCCTGTATCAACAGGCC
TTGTCATTTTAGCTTGATTCAACATAACAATAAAAACGGTAAGGTACAGC,GCGACGTCGTGTTTGAAGACGCGGCTAAACGCGCCTCATACATTACGCCT
ACCACTTATGGGTGTTGCCATACTTTCACTACTGATGGCGATTTTCGGAC,GGTTGCCACGCTGATTGAAAACACGCTACAGGCGTGCGTTGAATATCATG
AACATATTACGTCTTGTTTCATCTTTGTTGATGATGTTTTATCATGCCTG,GAAGGCGCAATTGTGATTGATGTCGGCATCAACCGTCTGGAAAATGGCAA
TTGCGAGGTGTCTCGATGAACTGAAAAATGGCACAGTATAATTTATTCTA,CTGACGAAGTTGCGTGTTGAAGGCACTATAACACGATGCTAGTATTTGGC
TTTTTATCTGCTTTTGTCATTAACACGGCACACAGGCGTAATATCTGACA,ATACCTTGCGATTGCTGGAAAAAATCGCCCCTTCCGCACATAAAATTGGT
TCATTGCGAGTGTTTTATAAAAATCAGAACTGTTTTTTATTATAATTTCG,GGTGACTAAGCCGGGAATTGCCTTACAGAAGAATATCCCTGACAATGGTG
ATTGCGAGTGTTTTATAAAAATCAGAACTGTTTTTTATTATAATTTCGCA,CGTCTAAATGAGAGTTTTTGATATATAACTACAGACAGCTACTATAACTT
CCCGCCATCAGCGCGTTAAAGTCGCGATTTAAATCCGCGTAAAATTCTGT,GTAACTCACCCCATTGATTAACCTATTGAAATAGTTGATTATGGTGAGCA
ATAATCACTTGGTTGTCTTACCTGGATCTGCCAGCCTATTAAAATAAGCA,ATAATATCTGCTAATGCTTTACATCTCCTTCGCGTTTGTATATTTTCTTT
AAGCGCACTTTTTGACTGGCACATTCGGCTGCCTCAACTAGGCTGAAAAA,TAAGATTATTGTAATTTTTTAAATATTATTTTTCCATGAATAAAATTGGA
GCATGGCGGGTTATTTGTCCTGGTTATTCCCCCGTTGTAAAATCTCTCCT,TGGAAAGTGCAAACAATATTTTTTGCGACTCCATGTCCATATAATTTATC
TCTACGCCAGTTTGCTATAAAGGTGTTGCCCGAACTCATAAAAATTAACA,GCTCGTTTATTTATACTTTTCTGACGCGACATAATACGCATAAAATAAGG
TTAGCTGTATGTCACAACTGAATGAAAAAAGGCGGCTATTATACTGGAAA,ATAAAATAAGGCTTACGCAAAAATGGAACACATAAAAATATAATATGTTT
GCCATTGTTTTCTCACTGTTGGATAAGAGGCCAGAAGCGTAATATCCGGC,ATTAAATGAATATTAGCCGCATTGCGAGGCTCGTTTATTTATACTTTTCT
AGAATATTTTTATTTCTAATAGACGAGATTTTTCCTGTTATGATATAATA,ATTATTGATGAGTATAAACTTGACGCTTTCAAAATAAAAAGAAAATCGAA
ATAAGTTTTTATAAAATTAAATATAAGATTATGGCTTTAGAATATTTTTA,AGCAGGGCAACCAACTGACACTGAAAAATCCTACCGCGTATTATCTGACC
TGCTTTCATATTCCGGTTGTCGCGACGGCAACATTTCGCTAAAGTCACGC,TGCGTTTCATAACCTGGCTGAAATCTTAAACCAATGCCTTATATTCACCT
CTTTTATATTTGTTTTCATAATATTTCGCGGGTAGTTATATTATATTTCA,AGAAAAACGCCAGATTGTCGCGAAAAACGAGATCTCTCCTACAATTTCTA
TTATATTATATTTCAATGAATAATAACAACTAACCATTAAAATTATTTCT,ATGAATGCTCCTTTGCATTTAGCAACTGACTGTAACAGCTAAAATTAGTC
CCACTGTTTAGTTGAATATTAGGTATATGCTCTTTTTTGAAATTTATCGG,ATTCCAGACGTGAATTTGCTGGCTCTCAGGGCTGGCGATATAAACTGTTT
GTATATGCTCTTTTTTGAAATTTATCGGTGGCAGCCGTTAGTATTCGCTG,GCCTTTTGGCAAACTGATTTACCTGATGCCGCCCTATATTATTCTCCCGC
TACCGGCTGGTCCTTAAGTTTTCACCCGGTTTTAACCACTACAATGTTGA,TAATAATGCCCTCAATTTAAAAACATAACTTATTGCGATATGGTTACATT
TCTCATTATCTTAATTGCAACGGGGTCCAGCCGTGGTTATAATTCGTTCG,ATAACATTTTTTCATTAATTTAAGTTGGCTAAATGCAGTTAAAATTTTTA
AAAGTTACTCACAGCACATTGAATAAACGGTATGATGAAGAAATTGCAAA,CAGATTCCTCTCATTTAAAATCGCCCCTCCTCCAGCATCTATACTTATCT
ATAGTCGCTTACCACTTATAAAGATTAATTATAAATATATAATCAATTTT,ACATCAAATCATTAAACTTGCATTAACTTATTTATAACTTATATTGTCAC
ACAATCCAGACCAATTTCAATTGCTGTCATATAACTTTACACTGTCGTTG,ATCAAATCATTAAACTTGCATTAACTTATTTATAACTTATATTGTCACAT
CGTATACGCCGCAGTGGTAAGGTGTGCTTACGTCCCTTATTATTCATAGT,TCATTCACATCATCAATTTCATCCTTACTTTCATTCGAAATATAATTTGT
CATTCTCTGCCAGTACGTTGAATACATCACCAATATCCGTATGCAGGCAG,CGCAATTCATATAGCCGTTGATACCTAATGTGATTACACTAGTAAAATAT
CATAAAATATACTCTTTGTATAATCCTGCTAATCTTAATAAAATACAATA,AATTCATATAGCCGTTGATACCTAATGTGATTACACTAGTAAAATATATT
TGATTATATTTTTATTTCGCATATAAAATCCTTTTAAATAAACTCAGGCA,GCTGTTTTACTGGTTATTGATGATCCCCGCGCATCTGTTTATTTTTCGCG
CATATAAAATCCTTTTAAATAAACTCAGGCACCAGACATAAAATATACTC,AGATTTTCAAGTTGTTGATATTTCATAGCGATCTCAATGTTACCGTGTAA
TTCACTTAACCATTCCATGTCAAACCCCTTTAAATATTTATGATATTAAA,GTAAAACTTCTGGGTGCCCTTACGCATTATCATTATGCTGCTTAATTAAT
ACTGAATATCTCACGTTTTCCTGCTTAACATTCATGTTATGATGCTCTTG,GTATTTCAATCATTGGCATTCCTGTCGGCATTGCGAACTTTAAAATTGCC
TTCACTGCCGGAGATTGCATCCGGCAGCGTTATCCCGCCACAATGACCTG,ATATGTTAGTAAGTATGATTAAAGAAAAATTTTGACACATTATTATTCGG
TAAATGAGCGTTTTTTGATAGTCTATTTCATTAGGTAATATATATTTGTA,TAATTTTACCTTTTGCATAGGGCGCGCATATTAACTTTGTAACGTCATAG
AAATGAGCGTTTTTTGATAGTCTATTTCATTAGGTAATATATATTTGTAA,CTGATAACAAACATCAACCTGCAAAACGAAGCGCATAGTTTAAAATGGCT
AATAAATGAGCGTTTTTTGATAGTCTATTTCATTAGGTAATATATATTTG,GCGCTGCCTGCACCTATGATAATTCGCCTGACGAAGATTTTATTATCGAT
TGCGTCAGATTTTGACGGGTCAGAGTCTGACAGTTGAGAAAATGCCGCTG,AAATATGCCCATACTTCACGCATTACGTTAAGCATCCGTTATAATCGGTT
CAAATGAACAATTTTGGAAAACCGCTCGCATTCAGTAGTTATTCATGTCA,TCGATATAAACTCACCTTTGTAAGGGGGATGTTAAATATATATTAATTCC
TGTGTCAACGGCAAATTGCAACGTGTAGTTTCAATCGCTGAAAAATCAGG,CGATATAAACTCACCTTTGTAAGGGGGATGTTAAATATATATTAATTCCT
CCGACTAATGCATACTTTGTCATTCTTCAACTGCTCCGCTAAAGTCAAAA,CCCCTAATTTCACCTTTATCCCGCCCCTTAGACAGAATGTTATAATCTGA
GAATTGCTAGAGATTTGGAAGCGCCAGTTGACGCTCCGTTAGATTGCTAA,GAGCTGGTCCGTTGCAAAATGCTCACCGGGAGAATTCAGATATTCCCTCT
AGTATTTGAAAAACGTAATTGATTGCGAATAGCAACAACTAAACAACCAA,ATAAGTCGTTGTCTGCGGCATTTTTGCCGAGTGCCGTGTATAATAGGCAA
TACATAACGAAGAATTGACCATTTTGTCCTGTTGTGCCTTAATGTAAGTA,TACAAGACCTGATGCTGCCACCCGAGGCTTAACCAGGGTACAATTGCCCG
CATCATCATTGTAAATAATTAAATTAACTTCCATAACATTAAAATATGTA,GTCGAGCATTATGAGATTGCCAGTTACGGGACATTAGCGACGCTGGCTGA
GCGAAATAAATATAAAATTAATATATATGTTGTAATGATATATTTTTATA,AGTCGAGCATTATGAGATTGCCAGTTACGGGACATTAGCGACGCTGGCTG
GAATTTTTAATTCATGGCAATTAGCGGCAATGGAATATAAAATTCACTCG,CCACCAGCGTGGTATATTTGTCTGCAAGCCATGCCTGGCGTAGACTAATG
AAATTTACACTCCCTTTGAAAACAATCCGCTATGCTTTGAAAAAGGAGAA,TCTATTGCCAGATTGACGAAAGCGTCACACTGTACCTGATAAAATCCGAT
GTATAGATAAATTTACACTCCCTTTGAAAACAATCCGCTATGCTTTGAAA,AATGTCAAGCAAATCTATTGCCAGATTGACGAAAGCGTCACACTGTACCT
GCAATTTAGTCGCGCTTTCAACCCTTACCTCTGTATAGATAAATTTACAC,GAACTAAGTCTGGTTGGCACAGTTAACCTTGATATGCGTAGTCTGTGGCT
GATCTGCAAAGTATTGCCGATTATCCGGTGAAGGTTCGTAAACTCATCCG,TGGTTGGCACAGTTAACCTTGATATGCGTAGTCTGTGGCTAAATTTCGAG
ATTTCTCACATTGATGACGGTCGCATGAAAAAATGATATTTTAATGAGCA,TTATCGCCGATCCGTCTTTCTCCCCTTCCCGCCTTGCGTCAGGATAACGA
TTATTTCTCACATTGATGACGGTCGCATGAAAAAATGATATTTTAATGAG,TTATCAACTGCCCGTGTTGTCATCGACCGGCGAACTCCATAAGATGTGCA
ACGATTAAATTAATTAAAACCCCACAAATAAATTAAACATAAGATTTTAC,ACCGCATCAACAAAGTTCATTTGTAAAAATGGAGATAATTATGATTGCAC
GCCAGCACAATACGATTAAATTAATTAAAACCCCACAAATAAATTAAACA,ATAATTGCTTTAATTGTTAATAATATTTTGCAATCAAGTTATCATAATCA
CGGAATAGCCATATTTGCTAAACAATTTCTTAATTTAATTAAATAAGAGG,TTATCTTCCATCTATCAAAAGTTTAAGACTGGACAATAATAAAATAACCC
ATTGAGGCCGAGATTGATGAGTGGTTATCACAACGCTGTAAACTTATTTG,AAATATATAAATCTTGATTTCCTGACTTATCTTCCATCTATCAAAAGTTT
TAAAAGCTTGTCATCTTGATAGGTAATATATAGGTACATAGACACATCAG,TTCGTGCTTGCTGTCGTATTGACTTAACGGGGATAAGTACGAGAATGAGC
GCAATCTATGTGCATTGAAAAAATCTTCAGATAGATATCATTCTCCTGAA,CTAGTTGGCTGATTTTAAATGCCTTATAACAATTGGCAATATTCTTATTT
AATGAAATTGGTTGCTAGAAAGTCGATGATTTGTTGCGTATGATTAAAAA,AAATGCCTTATAACAATTGGCAATATTCTTATTTGGCAATTATAAAAATA
CATCAGTCTGATAAGGTTAAGATATTCATTCAGTCTATTTATAATATTAA,GTGACTAACTTCACTTACATCCACTTATTTCTCTTCGTAAAATTACTTTG
TTTATTTTTTCTGTATTAGTTTTTAATGATAACGAATATAAAATTACCGA,TGCATGATTATTTATGATCTCAATTCTGCATTTTGTCAGTAAAATGCAAT
ATCCAGTAGCCATCGCTTTGACCTGCCGCTTTCCGGGCATATAATTACCG,GAAGCCAGAGTCTTATTTTTTATATTGAAAAATATGTTAATTTAAACACT
TTTCTTAAATCAGCATCTTAAAACAGTTAAGAGCATACTATAAATCATTA,TTACTTACTATCAATCGTTTCTAAACAAGTTTTCATCAGGTATTCTACTG
TAAAAATATCTAAGATATTCACCTTATTGCAAGATATTTAAAATGCTCTA,TTAGCTTTTGTCGTTGGAAAATTCGCTATTTTTTTGACTTAAGTTAAACA
TAAGATATTCACCTTATTGCAAGATATTTAAAATGCTCTAGAGTTAAAAG,ACCGGAGCAACCATCACTCTTTTGAACCTAATCTTGCGTATACTCCTCTC
CTTATTGCAAGATATTTAAAATGCTCTAGAGTTAAAAGTATGATGTAAAG,AGTTGCTACTTTGGACATTAACAGCTTCAATAATGGTAATAATCTTATCT
TCGCTGGAACATATTGAACGTAATCTGATGAAAGGTCGTAAACTGCGCGA,CATATTGCTTTTGGTCATTATCTGCACAGTAAACGGTGGTATACTGTGCA
GGAGGAAGCCACCTCTTGCAGTCATCTTTTCTTCGCTCTATCCTCTGCCG,TTTATTGGAGCTTTATTTAAAATTTTGCAGATAAATATATATAAATAAAA
CGAGAAGCATACATTGCATTTTCAAGAAAACGTTCCATACATTCCTGTCG,ATGAAATAAGAATACATTGCTAAGTTATTCGCGCCTTTTTATAATTCGTT
GGCAGTAAATAATGTATTGAATATTACGTGGTCCGTGCTCAGAATATCCG,AGCACACGTTGTCAATATTATTTGTTCCTGCGCCTTGAAATAAAATGATG
TTATTGACATATTACGTTGATTCACGAAAAACCCGGCAGTAAATAATGTA,TTCAAACAGGTTATTTTGAAAGTAAACATCGGTTATGCGATAATCGCGCT
TGGCGTGGAATTAATTATTGACATATTACGTTGATTCACGAAAAACCCGG,TAAATAAGTGATCTTTTTTCTTTAATTGTTTATTTATTTTAAAATGGTTA
ATGGTTAATTGTGACATTGACCTGAATTACGCTTTCATAAAAACATATTA,TGAGCTATTTTTGATAGTTCATCCTGTGGCGTCGCTCTTAAACTTATATT
GTAAATAATGTATTGAATATTACGTGGTCCGTGCTCAGAATATCCGTTCA,TCTTAAACTTATATTGTAAATGACTTAGATTTAAATGAGATAATAATTTT
AATGTATTTTTTAAGTTTTACTTAATCGATATTTAGATAAACTAATTTTA,TAAATCCTGGACTGGCCTGATTTCTACCGGGATCACCTACAAATTCTGAT
TTTAGATAAACTAATTTTATAAAAAACACAAAATAAAATATCATATTTCA,GCTGTACCTTACCGTTTTTATTGTTATGTTGAATCAAGCTAAAATGACAA
TCGCTAATGACGTGATAAAAATGCCTGATGTTCCCCGCTATACTGAAGAA,AACCAATAAATGGTATTTAAAATGCAAATTATCAGGCGTACCCTGAAACG
AAATGATGTCAGGCGTTATCTTTTCTTTCTTTAGCGCCTAAAATCGACCT,CTAAGTCCTGGAGCAACCGGCAGGCGATTGAACAGTTTGTAATTAACGCT
AAATGAGCGTTTTTTGATAGTGCGAAAGAACCCTGCGAGGAAAATAAGCA,TTGTCTCGATATACATTTTCTGACATCCTCATCCGCTATGCTACAGGCAC
TCCTTGAACGAATATTTACTGCCATTTCATTCACGTCTATTCTTAATTTG,CTGATGTTGATTTCTCAACCGAAAAGAAATATACTGTATAAAATCACAGT
CATTATGTTGATGAATGAATAATTTACTAATGTTTATTTAAAATATTTCA,TTCGTCAAACCGACGTTACATATGGTGTAAATATAAATGTACAATAAAAA
TTTACTAATGTTTATTTAAAATATTTCAATGTCGTTATATAAATTACCTA,CAAAAATTGCCCGCACCAGTTAAAGAAATTAGGGCGGGAGTATACTGCAA
CGGCTGATGGCGATGAGTGTTTCCATTGCTGTTCTCTTTTATACTGTGGG,CGGCGTGAAATCAGCGGTTGGTTGGCACAGGGCAACAGGGTAAATTAACG
TAACTGCCTTAAATCAAAAATTGTCGCAGCAAGGTTAACTAAAATCCCAG,ATCAACCAGGCGTGTTTGAATTGCTGCCATGACATGAATGTAGCCTCTGA
AGTGCATAACATATATTAACAATATGTTTCTGCGTTATTTATCATTATTA,GGTTCATAGTAAACGTGAAAATCATTCTGCTGGCGAGAGATATAATTGCA
TCAAGAAGTGGTAATTGATAGCGGTAAAAGCGTTAGCCTCACACTGACAA,GAGCTGCCGTTTTTGCTTCATACTTACACCCTTCAACAATAAAAATGAGA
TAACGATAAATAACCGTATTTTTAATTCTTTTTTGTTATTAAAATTCACA,CCGTGTCGGGATTTGAAAGCGATTTAGGCTCTACCGCGGGAAAGTGGTTA
ACAGTTAGCGCGGTATTAATTAGCTCAATAATTAGTGTATACTTGATTTT,TCTATCAACAGTTTGTTGCATTTGCAGACAATTTGTTGGCGAAAATCTTT
ATTGCGCTTCATCGGCTTTGCTTTTCCATTAGCGAGTATAGTCTTCAGAA,AAAGGGATAAAAGCATTGTCATCTGCGGCAGCTATGAGTAATGTTGGCCC
CTTTTTTATTACTGGGGATCGACAACCCCCATAAGGTACAATCCCCGCTT,GCGGTTACCGACGATTCACTGCTCATTGCAGCATGTCGTTATCATTATTG
CTGCTTATATTCATATAATCAATGAATATTAATTAATATATAATACATAG,CAAACTAATTAATAAATAGTTAATTAACGCTCATCATTGTACAATGAACT
AAAACATAGCCCCTTAATAAATATTATCTGCTAATGGGTTATATTCACCG,TTATCAGGCCGAAATTGAATTGTATCCTGATAAAATTGCATTATCATTTT
TCCTGTATCGTTCTTAACGAGCAGTCTGCTTATATTCATATAATCAATGA,AAATAATTTTAATGGTTAGTTGTTATTATTCATTGAAATATAATATAACT
GCAGTCTGCTTATATTCATATAATCAATGAATATTAATTAATATATAATA,TATCAGGCCGAAATTGAATTGTATCCTGATAAAATTGCATTATCATTTTT
ATAACTCTGAATTAATCATCGTTTTGTCGGGAAGCGAGTAAACTTAAAGG,CATTTATTATAATCCTATTCAATTATAATAATCATGCCATTATTATATTT
CAAATATAAATTTGCAAAAAATGCGAAGATAATGTTTTTAATATTTTGAA,GTTAATGTGGCAATTGATAAGCAACAAGGACTTTCATGCACAATCACCTT
CCCGTCGCTGTTGCATAAAACGAAACGATGCGGCGACGACAATTAAGCCA,ACTCTACAAAGTCGATTGATCATACAGGCAATGCTTCATTATCATCCTTC
CTGCCAGTTATGGTGTTGTCATCCGTCCACCCTCGCCACTAAACTGGAAG,TTTAACCGGGCATAAGGTTACGACTAACTGGTTTAAAAATAAAATTGATT
GCGTGAAAATTAACCATTGCATTGTCAACGTAAAGCAGTATCATGCGGCG,TACGACTAACTGGTTTAAAAATAAAATTGATTATATATTTATAATTAATC
GCAAAAAAATGCATTTGACTCGCATTTGAAAGTCAATGATGTTGAAAGGG,AATTTCGTTCGCTCTTGGCATCGAAAAATTCCTGTAGTCGAAAATGTCAA
CATATATTGAGATTTAACTCATAATTACTTCCTAAAGTGTAATATTTTAT,TATCCCTGAAGGTTATTAACTTGAATTATGACGCACTGATATTATTCATC
AAATAAATAACAATTAACAAGCATAATATTGCCATTGATAAAATAGCATG,GGGTTGAACAATTTACAAAAGAAAGATATTCCATATCGTATAATGCGATT
GTTATGCTATGCATTTGTCTTTAATGATATCTCGTCATTATATTAACAGG,TTATTTTTTCGGCATTTAATTATTTAAGAAGTATTTAGTTACAATAAGTG
CTGGCTGGCGTAATGAAAGAGTACCTGGACTGACCGACTATACTTTTTAA,ATCCTTTTTTTCGCTCATTGAATCCTCTGTGCCAGGCAGTACAATCCCGC
CTTTTATTTAACCTGAAACCAGTTTTATCCACTATTTATAAAATTATGTG,GTTGAATCATTATTTGCTATGGGTTTCGATATTGTATTTTATTAAGATTA
GCGATTTGTTACACATTGAAATATCACTTTTGCTGTGCGTAATATGGCTA,ACGAATGACATTGTTTGAATTCATTAGCAGATAAATAGTGACAATTCCAT
GTTAAATATTACTTACAAATTTCCGAGTATTCCCAGGAATAATCTTCATG,TCCCTTTTTCACATCATTGACAATCGCCGCCAGTTCCAGGCAAACTTCCC
TCATCAATCAGATTGCCTTGTTAAAAAGTGATCGATATATTTGAAATCAA,CCGGAACGTCCGGCACGCTTCATTAAAGCACTACAAAATTATTATCACAC
CAATATTGCGATTAATTAACATGTCCGGTATTCCATTTTAAAATAAGATA,CTATCAATATATTAATTAAATCTACATTTACTCATTAGTAAAATTAAATT
CAAGATTCATATTTATATAGTAATATATAAAATTATATATAATTGGGCTG,AACATTGGCTATTGACTGAATCAATGTATTGCAATGTTTATATTTTAATT
TTTCTCCGGTGCAAGATTCATATTTATATAGTAATATATAAAATTATATA,ACTGAATCAATGTATTGCAATGTTTATATTTTAATTATTTATAGTTTAAG
GTTTTTGAGCATGTTAATGATTACGTTACAGAACTATTACAATGTCATTA,CCGTTGCTCTCTGATTTCTCATTTCATGCTCACCCAATATGATGGCGGCG
CAACGATTGCGTTGCGCAAATCGGCTCTACGAAAACGTTAAACTGATTAA,ATGCTTAGCAAAAATTGCCAGAGGTTAAGGATTGTCTTACTATTAAAGTG
AGTCGCTAAACGCTTGCTTTTACGTCTTCTCCTGCGATGATAGAAAGCAG,TTGATGCTTAGCAAAAATTGCCAGAGGTTAAGGATTGTCTTACTATTAAA
GGCTTTTTTTATTATTTAATAAATATAAATACATTCTGATAATGCATCCT,ACAGGCTGGCCCCCTGTTTGCTTCGCGATGCGAATAAACTTATTATTTGT
GTAATCTGTCGCCTTTTTTCTTTGCTTGCTTTCTGTTAGATTCCGCCGCA,GTAAAATAGCGCTCAACAATGCCACGGATTGCGTGGCATTATTATTTTCA
TCATACGCCGTTAATTGCTTTCTTTTTTGGCGTAAGCGTAAGATGCTTCA,CTGCAATCTTCATCTGTTTGTATGGATATCGCTTCTCGGGTATTGTTCTC
AAAATTGACAGCCGTCACTTTTTAAACAATTGGTGAAATTAAAATGAACG,TACCCGACACGGAACATTTAAAAAAATGAATGTTTTTATATTCTAGATTC
ATGACATGCTTTGCTTGTCTGTTTTTGATCGTATTTGTAATTTATCGTCA,CCCGTGCCATACCTGTTTTTTGGATAACCGCTGGTAACCGTAGTATTCTA
CCATTTTTGAGTAATAAATGAAACAACTGCAACACTCTTATTATTTCTGG,GTGCCATACCTGTTTTTTGGATAACCGCTGGTAACCGTAGTATTCTAACG
CTACACCATTCAGATTATGCAAATAAATATCTCTGAATATAATATATTCA,ACCCTGGCATAGGACCAATTGATTGGATTGAATAGTTTTTATTTTCAATG
CTTATTCTGGTATTAATACAAGGCTGTTTTACTTGAACTTATAATAACTG,ATTTGGTACAGCAATTATTAGATCTGTTGAGACAGAACGATATTATCAGA
AAATTTTTCATTCTTGAATATAAAAAACAGATGCCCTTATTCTGGTATTA,GCTCCCATTCCCATTGACCCTAAGCCAACGATACCGACATGAAACTCAGA
TTTGAGCAATTAATTAAAATAAGTCCTGCGAAATATATTAAATTGCAGGA,TTAAGTGATATTTTGTTTGATATTGTGAATATAAGCGCTGGAAGATAACG
CAGCGTTTGAGCAATTAATTAAAATAAGTCCTGCGAAATATATTAAATTG,CTTTTTATCTGGTTTGTCATGACAGTCAGGCAGAACTGGGTAAAATAGCC
CCTGCCTGGATACTTACCGCGAAAACAGCACGCCTGACATAAAATAAATA,GCGGAACATATGCTTGAAGTGATGTCTTCTATTGACGGTTATAAAAACCT
AACTAACGTTCGTCCGGTTTGCTATTGAGTTCCTGCCTGGATACTTACCG,CAGACTCACGTCCATTGCCAATTTTAATTACCCTAATGATAATCACCGGA
CCCCGCGCCGTAATTCGCATGCTTTAGTTGTGTATACTCGATCCCGCCCG,TTCAGACTCACGTCCATTGCCAATTTTAATTACCCTAATGATAATCACCG
TCGCATGCTTTAGTTGTGTATACTCGATCCCGCCCGAAATGTTTTTGGGT,AGCTACGGGCCGCGAACTTTGCCAGTTTCGACAAACTGCGTAGTGTACTG
TAAGGTGTTATGTTGCCTTGTCGTACCATTATCAACACGATAATAATTAA,TTAATTTTTTGTTTGTTGAAATTTCGTAAAAATAGCCAGATAGACATCGT
CTGGCAGGGGATTGTCCGCCACGCATCTTGACGAAAATTAAACTCTCAGG,TTTTGCAATCTTAATCGTTAAAACTACCAACAAATTTATATAGTTACGTT
GCAGCAAACTTCGGTTGAAAAAGCCGCTATGATCGCCGGATAATCGTTTG,GGTTTCTCTGGTTGCCATCGTTTCTGACCGCCGAAGTTTAACTTAAGGCT
ATGATATTCGCAGTTGATGGGAGAGTACAGAGTCACGATATTTTTCATTC,GCGCAAAAGTCGTTCTTTGCCTAAAATATCGCTATATATGACAATATATA
GGGCGCTCGAGAATAGGCGCAGAATCGACAAACGGTCTAAAATTCAGCGA,GAGTATGGAATACCTTTCGATTTCTCTTTCGTTCCGGCTTATAATCCCCG
CATACCGTGACGTGCCATCCAGTCCATTTCGCCGTGGTATTGTTTGTCCA,TTGAGCGAACAATGCCACAGGCGTATTGTTGTTGGGCTTATAATTTCTCC
TACCTACCTGCTGAAAGCCCAGTTCCAGCCCCCACTGTTTAATTTTTTGC,GACTGGAATTCTGTTGAAATTGACGTCAAACAGATCCGCAAAGTAAATCC
CGACGCGATGCGTTATTGCTGGTTTTTGTTGTCTCTGACAAACTCTTGTA,CTGCCAGTAAACCGTGTTGTAACGCGCTCTGTACAGCACTAAATTTTATT
GTTTGTGAAAAGAGCGTTTTTTGATATTTTTTTGTGAGTAAAATTTGTAA,GATTGAAAATATGGCTTTGAATAAGTAAAAGATGAAAGTATCAACGTGTC
CTATTACTGATAAGAGTATTGTAACGTGGCAGAACATTTTACTGTCTGTA,AGGATTGAGAAAAACTTTTGCTATAGTTTAGTAAAATTTTACCCTAAGGG
TTGCGGCGCAATGTTATTCATAGTTTAACCCAATAAAAATAAAGTAATTA,TTAGCCTACAGGATTGAGAAAAACTTTTGCTATAGTTTAGTAAAATTTTA
AAGTAATAAAGTTTTTGCCAGCCTATTACTGATAAGAGTATTGTAACGTG,CTTCCGCGAACTGGCGATCTTCAAAAGCGGCGTAACGCTATAAAGTCGAA
TAGTACTGGCGTATTTGAAGACAATATAATTATTTCTGGATATTGTTGAG,GGTAGTAATCATAATTCTTGACCTCTCTTTACTTCCTTTTATGGTAAGGG
AGTACTGGCGTATTTGAAGACAATATAATTATTTCTGGATATTGTTGAGG,GATATGGATCAGAGTTGAAAAACATGTCTGATATAAAATTAAACATTGTT
TTTTGTTAGTTGGTTTTGATATTCCAGGTAAAATTTATAAACTATCCGTG,GTTTCATGCTACTGTTTTTGCCTAAAATCCATCAGGAGATAAAAAAATCT
TATTAATTTTGTTAGTTGGTTTTGATATTCCAGGTAAAATTTATAAACTA,CCTTAATTGGTAATGACGTTTCATGCTACTGTTTTTGCCTAAAATCCATC
CCTGTCTGTATGTTAAATAAAAGTAATATTTGAATCTGTATTGTGAACTG,GTGACGTCCTTTGCATACATGCAGTACATCAATGTATTACTGTAGCATCC
AATAAAAGTAATATTTGAATCTGTATTGTGAACTGCCAGAAGGTGGATGA,TGTTCTCAAAAGGTTAAATCTTGGTTTATATGGCGGGAATATTGTGAGTG
TTTCGCTGCAAGGCGATTGCCTTGTGAAGCCGGAGCGGGAGACTGCTCCG,CACCACGCTAACTTTTTTTGATTATTTTCTGAAAAAAGCAAAATACTACT
TATCTATTCATTTTTCTCTCCAGCTTGAATATTTTCGCTATACTTTTCAG,GAATCGCATTCCTGAATGAAATTGATGCAAATTCAACCGGTAAAGTATCG
TGTCTCCAGGCTATTTCACCAGGTTATCATTTGATGCTAACCTTCTGACA,GCGAGGGTGGACGGATGACAACACCATAACTGGCAGGGTATGCTTATTTC
TTGCTACCTAAATTGCCAACTAAATCGAAACAGGAAGTACAAAAGTCCCT,TTTGCAAAAAGTGTTGGACAAGTGCGAATGAGAATGATTATTATTGTCTC
GGGATTTATCTGGCTTGCAAATGATAAAAATTATCATATGATATTGGTTA,TACCGTTACTTTAAATGAAACCGATCTCACTCAAATTCCTAAAGTGATCG
GCGACTTACGTTAAGAATTTGTAAATTCGCACCGCGTAATAAGTTGACAG,CATAAGATAAAATGTTAACTATGTATTCCTCGCGGTAAATAATATGAGGT
ATGATTAACTATTTGATGGTATTAGATTAGTTATTTACTAAGATTGTTGG,TGCCCCCTGTATGGATTTCACTCAAAAAATAATTATCTTATATAATTCAG
TTTCTTCACAACGCTTGATATTTTGTCTTATCGTCTGATATTTTCTTTTT,GATTGATTCCTATCAAAAAGCGTATCTCCCTGTTTTTTATGATGGCTTTG
GGATGAAAGATTATCATTTGTCATACAAATGAGGGGTGGTATGTTGCTAG,GAAATCCTCAAAATTGTTTTAAATAGTGCCCTCGACATGTAATTTCAGGC
TAAAATTAGTTATTGCATTTGACGTTTGGATGAAAGATTATCATTTGTCA,TTTTCAGATAGCGCCTCTCTTAATGCCGCTGCGATCGGGTATACTCGGGC
AAATAAAATTAGTTATTGCATTTGACGTTTGGATGAAAGATTATCATTTG,AAATAAACCTACCATTGAAATTAAAACTTATCAGATTTAGCATGTGAATC
AAGGGACAATTTTTGCAGCGGCACAGCGTTCAGATAGTTATTTTGTTAAA,AAGAAATAAACCTACCATTGAAATTAAAACTTATCAGATTTAGCATGTGA
TGGTTGAGCATTTGTTGAAAAAATTTTCCCCCGTTTTGACTAAAATGCGC,CATGCCGTTTTTCCCCAGGCATAAAGTGCACTTCGTTATGGTTGTCGGCA
AGTGTATTTTTTGTAAATCGACGATGATCACCTTTGATAACGTCGCGCTG,CCGTTCTGATGGCATTTCATGCCGTTTTTCCCCAGGCATAAAGTGCACTT
GACGAAGTTGAGTTTAAATATTTCCCCGGACGATCGGGTGAAAATAGTTG,GTGAAAAAGTCAATATTTAATACAGGGCTACTATGCCCGATATCCTTCAT
AGAAAAGTCTTAATTTGTTGAAATATCGAGCATAAGATGAATCTGGAGAG,AATGGCATTTTTCAGTTTTGTCTTTCGTTGGTTACTCGTAATGTATCGCT
AAAAGTGCAGTATCTTGATAAACAGAAAAAGCTGGCTGTAATGAACATCG,TCTATATATCTCAGTAATTAATTAATATTTAGTATGAATTTATTCTGAAA
CGTTGCCTCTTGTTACTATTGTTCATTATTTTGTTTGCTATAATTGTTTG,TCAAATATATCGATCACTTTTTAACAAGGCAATCTGATTGATGAATTTCA
CAGCTAATTAGCTCGTTGCCTCTTGTTACTATTGTTCATTATTTTGTTTG,CTTAAGTTGTAATTTTGTCATCGCAACAGCCCAATTATATATAATTTTAT
AGACAGCTAATTAGCTCGTTGCCTCTTGTTACTATTGTTCATTATTTTGT,TTGTAAGCATTATTATGCCGACTCTTTTTTATCTTATTTTAAAATGGAAT
TTCGTAAATTCGCTGGATTTTTGACTAAAGTTTCTTTAGGATTTGTCTCA,TAAGTTGTAATTTTGTCATCGCAACAGCCCAATTATATATAATTTTATAT
GATTTTTGACTAAAGTTTCTTTAGGATTTGTCTCATCGTATGATTAATTA,TATATAAATATGAATCTTGCACCGGAGAAATTGTAAGCATTATTATGCCG
CAGGTCAAAAGATTGAATTATTCACTGGAGACGATTCGTAAATTCGCTGG,CTTTTTATTAGATTAATTTTGATAATCAATAATACTGATCATATTTTCGA
TATGATTCTTGGTCGCCTTGAAATTTATCCTGTTATTATATTGTTTTCAG,AATTCTTATGAATTTAAAAAAAGCACATTGTTTAATGAATACAATGTGCT
GTTTAATATTATGTTGACTCACTCATTGATCCAATACCTAACTTTACCAG,TTTTATTAGATTAATTTTGATAATCAATAATACTGATCATATTTTCGAAT
TGTTATTATATTGTTTTCAGGTTTTTTTTGGCGCTCCTAATATATGGCTG,ATAAATAACGGAAGCATTTGAATGGATAATATACAGTATACATTCTATTA
TTCAGGTTTTTTTTGGCGCTCCTAATATATGGCTGATTTATAATTGTGAG,GATAAATAACGGAAGCATTTGAATGGATAATATACAGTATACATTCTATT
CGATGAGAAAACTTGATGAGTTGTATTGATCCACAACGTAATGTTTTTTA,TATCTCTCTACCCTGAAGTGACTCTCTCACCTGTAAAAATAATATCTCAC
ATGAAGATACGCAGATTTACTCTTGCTTTAAAATGAATAATATTAAGCCA,ACTCAAGAGTCAAAATTTGCGTAATTTTACTACAGCTGAATCGATAAAAT
ATGAGCTATTTTTGATAGTTCTTGCGGTTAATATGCTCTATATAGTGATG,CCAGTTAACGCGCTGGCTGTATTTGCCGCACCGCGCAGGTATACTCCTTT
TTCAATATTCATATTTAAAACATCTTATTTGAGATTATTAATATATTAGA,CACGTTTTCCTTAATGTCATCTTTACCGGGAACCTAAACTAAAATTGGCG
AATATTCATATTTAAAACATCTTATTTGAGATTATTAATATATTAGACAG,TCAGCACGTTTTCCTTAATGTCATCTTTACCGGGAACCTAAACTAAAATT
TTAGCTCGTGTTTTTACACCGCATTCTTGCGCTAACCTTATGATCTGGCA,TTATTCATATTTTTCTCATTTTGATTTTATCAATTTGATTATTATTTATC
CCTCACATTGTGGCAGTCTTTGCAGCACGAAAATGGAAGTATAATGAGGA,ATCAGGCCTACGAAAATCTTGCAATGTATTGAATTTTCATGATTTTGTAG
GTTATAATCCCTTTGATATTAGATGCAAATTAAGGTCATATATAGCCTTA,GGTGGGGCTTTTTTTGTCTTACTTACTCAACAATGCGTTAAATTTCGACT
CCTTACGAGCCCAAACTTAAATAAAACTTATACAGAGTTACACTTTCTTA,ATCACCTGCATTTTGCCTGCTAACTTTCGTGCCAACGCCGATCCTGCCGG
TTTCGGAATGAGTCGCTTGCTTCAGCGCATATTGCCGCTACGATTAAGCG,CGACCAGCCTATGCAGCCTTTGTACAGAAATTATTTAAATAAAATAAGGC
GTCTGCAAAGAGGGATTGCTGCAAACTGCAATCCCTCTCTATGCTTGATG,CGTTTAATAATTTCAATATAAATTGTTGTTTTTTAAAAATAAAATAGTGA
ACAGCAGCAACTCACCAGTTGGCAAGAACAAGGCCATGATATTTTCCCAC,ACTCAACTTCACTTGCACAAATAAACAGGAATCAGCCACTAAAATTCACG
GTTGTTATGCAACGGTTGGAGCAGCGTTCACCTGACGCTATACTGCTTCT,TGATAGCCGAAGATTTTGCCTGTTCAGGCAATGGTTCGATGATTTTTTTG
TCGTATTGTCAAATAATTTTAAAAAGCAGAAGCGTGATTACTCTCACACA,GTTCGATGATTTTTTTGATTTGTTATTTTTCCACTTTCAGTATGCTAATG
AATCATGGTGTATTGACATCATCAATAACCAATGAAATTATGCAATTATA,AGAAAATAACTTGTATTGATTAGCAGTCAAAATCATTGAAGAACATTTCA
TACAAAATCATGGTGTATTGACATCATCAATAACCAATGAAATTATGCAA,GTATCTTCAATTTATTAAGTTAAAAACAGCTCAGCTTCTGTAAAGTTTTT
CCTCATTTCAATCATCATGATAAATATAAAATTAATATATATTTATGCCG,GCGTCCAATACGCCCTTTAAATGAGAATAACCATTGCTGTATGGTCATGT
TAAAGCCTCATTTCAATCATCATGATAAATATAAAATTAATATATATTTA,GCTTGTCCGGGAGTTTGAACGCAAAATTGCCTGATGCGCTACGCTTATCA
TGCAACATTAAAGCCTCATTTCAATCATCATGATAAATATAAAATTAATA,CTGTCTGCATTTTATTCAAATTCTGAATATACCTTCAGATATCCTTAAGG
GGCAGAAATGAGCATTGAGAGCCAGGGCGCTGGCGATCACAATGAAAAAC,AATGTCGAGCCTGCATGTTGAAGGTGAGAAAGTTTCAAGGAAAAGACTAC
CAATCAGTGTAGTGCCTTTAAACATAACGTGCGTAAATATATTGTCCCCG,AATGAGCGATTTTTGACAGTCGTAGAAAATGATAATGCAGAGAATATGCC
AATCAGTGTAGTGCCTTTAAACATAACGTGCGTAAATATATTGTCCCCGA,CCTCCTTTCGGAGGCTGTTTTTTTATCCATTCGAACTCTTTATACTGGTT
CCTGTGTAAATCCTCTCGCCACCCTCCCCTGCATTCAGCAAAATCAGACT,CCGCTATACCGTTAAGGTATTGAAAGAAGAAAGCAAAAAATAATTAGCTC
TTTTTTGAAGATTTTTGACAGTTTTCCTTGCTAACAATCATCATTCACCA,CGTACAAGGGAAGTGGCTTGCCACTTCCCTTTTTTGCTCATAAGGAGAAC
ATCGACCGCCTGCTGAATAAAAAGTGGTAAGCACGCGCTATACTTAACGA,CTCACTATCCGGGCTTTGAAACCGATATTCACGGTGCATACCGTCAGGCT
TTCAGTCTATTTAATGTTCAATGAAATATTTCTGCCTGTATAATCTTTAA,TCTTTTTGCGTTTCCTTTCAAATGAAAACGATCGTCGTCTAAAATCAGCA
CATTTATACTCTTTTGAATACATAGAAAATTGATATCAATATAATGAAAA,AGTTTAATCTTTGCCCGTTGCATAACCTTTAATTATTCATATGCATTGCT
TCTTTAAAGATGTTGAACATATATTCACATTAAATATGATTATGTACTTG,CCATCAACTTCTTTATCATTGATTAAAATTAAATCAGAAGATCATCACAG
CAGTCTATTTAATGTTCAATGAAATATTTCTGCCTGTATAATCTTTAAAG,TAATGAGCGATTTTTGATATTAATATCTTTCACCATCCGCTATTTTCACC
GGCATTTATACTCTTTTGAATACATAGAAAATTGATATCAATATAATGAA,GCACCGTCCGATTTGCCTGAGGCCAACTCCAGCGCAGTGGAAACTGCTTC
ATAATCTTTAAAGATGTTGAACATATATTCACATTAAATATGATTATGTA,GAAATTTTCAGCATTGCATACAGCGATGTGTAACCTTTGTCACACTCCAG
AAAGCTGGCATTTGTTTTACTTTTTAGCCGCATAAAGTCAAAATTAAGCA,CCTGAATTAAAAAATCCATTGATATAACTTATATATACAGACAGTAAAAT
AAACTCCACGCTTGCCGATAGCCAACCGCAGAATCATGTATTGTGTCCGG,TTTCTCTTCATTACACGTATTCTCTTTGCCGGACGTTGCCTATACTCCAG
TAAAAGTCAATAGGTTGAAATAACTCCAGGAATTTGCTGATATTCCGCCT,GCTTACCACCGATTCTTGAAGCATCTGAAGAAGCAAAAGATAAAGTCCAC
GATGAACGCGTCTTTGCTCAATGTATCACACAGGAATAATAATATAACAC,TGCTGGTTTATTTCATGTAAAAGAATAAAATATCTGTATAAAATCATGCC
TCCATCGTTTTGTCTTGTGTTTAAATACGCTAACACCTAAACTTACTTTT,GGGGTTTCTCCGCGTTAAGGATTCATTAAGGTCGCTACGTATACTTCTCG
AATAATGAGCGTTTTTTGATAGTTTACTTCTATAGTGAGATATTTAATGG,GGGTAACAGGTAAAGAGTATTAATCCCCGTTTCTGGCGGTATACTGCGAC
TAATGAGCGTTTTTTGATAGTTTACTTCTATAGTGAGATATTTAATGGCG,TAATGTCAACCTTGCGTAATGCACAATTACGTAAACAATTAAAATTATAA
ATAGTGAGATATTTAATGGCGACATAAAGTAACCAAATAAAATAAGGTTG,GTGGCGGACTAGGTATACCTGTAACATGCTTTTTTTCCGTATACTGCTGT
TGGACCAGAAAAGGGCTTGTCTCTTCTCATCAGGGTAGCTATAGTGTCGC,ACATCGATGCGAATTGATAATAATTCAACCGCAACAGCAGTATTGTATAA
CCTAAGAGTTGTTGCATTTTGCTATATGTTACAATATAACATTACACATC,ACAGTTCTGGAGGATACCATTGCTGATATAGCCAGAAAATATAATGCTTC
TCTGATAAAACTTGACTCTGGAGTCGACTCCAGAGTGTATCCTTCGGTTA,TTATCTGGCGTTATGGCATTTTCCACCAATGCAGATGATAAAATAATTCT
ATGCGACCAATAATCGTAATGAATATGAGAAGTGTGATATTATAACATTT,TATTTTATATGTTTAAAAAATCTGTTTTATTTGCAACACTATTATCTGGC
,CTCCTGAGTGGTTTTTGATTACAAACACCAACAATCTTAGTAAATAACTA
,TCACAGGGATTGAGTGTTGAAATGATCCGGATGAGCATGTATCTTTATGG
,TTGTGATACATGTCAAAAAATTGGTTGACCAAACTCGTTATTTATATAAG
,CTTTATTCTTTTTTGTAATTTTATCATTCTCAGTGAGTGGTATTATCTTT
,GTGGTATTATCTTTGCTTTGACAGTTAAGCCCAGAACTGAAAGTCAAGTC
,AAATGGATATTTTTCATGTTGAAGGTTCTTTGCTGTCTTTATTCTTTTTT
,CAGGTTTTTTTATACTTGACAATGTACCTTTGAGATACATAATGTACCCA
,CCTAATCAATGTTTATGAACCTGCTTCGGCAGGTTTTTTTATACTTGACA
,GCAGGTTTTTTTATACTTGACAATGTACCTTTGAGATACATAATGTACCC
,ATCAAACAGCAACTTGCCCTTATCCATCTTCAGAATGAGTATTATTGCGG
,CTTATTTCACCATATTAGTTACAACATCCTATATGCCTTTATCATTAACA
,GGAGGGTGTTTATATTGATGATATTATGTCGCCCTATAACTATACATGAT
,GCATAACTTAGACTTTCAAGGTTAATTATTTTCCTGGTTTATATTTGTGA
,ATGTATAACGGTTCTTTGTTGATTCGTCTGTTGCAGGGTTAACATTTTTT
,TCACTTGAAATCCTTGCTAAATATGCCTGTAGATCAGGCTTATACATAGG
,GCTCCTTCGGGAGCTTTTTTGCTTGGTGTCTATTCGATGGATACTCACAT
,AAAATGTATCTTTTGTAAATCAATGATGATTACATTTGATAATATTTCAC
,GCGGATCAAGAAAATTCGTTGGATATTTTTTTTGCATGGATAAAATTATC
,CGTTGGATATTTTTTTTGCATGGATAAAATTATCGCCTCTAAAGTATGTA
,AAGGAAGGTAAATCTTTGCCAAATCAGAGGCGTCTCTGATATGTTTAACT
,CCAGTGACTGTTCTTTGGCAAGGGATTGCGAGACGCGGGCGATAATCTGA
,TTCTCCCACTGGCCTGGAACAACTGAACTTATTGAACTATGTTAGAAAAT
,GATGATATTACCGACTGTTTTAAATCTGATTCTTGGATTTATCATCGGCG
,AAAATAAGAATTATTATTGCTGTGCGCGCGAAGATGTTTAAACTGCGGGC
,TATTGCTTAACTATTTGCAAACGTCACATTTAATGGACTGAAAAATAACA
,TTTGCAAACGTCACATTTAATGGACTGAAAAATAACAATAATATTTCGTT
,CAGGCGTTATCACAATTTGGCTGGCGCGGTCTGCTTCCTGAAAATGAAAG
,ATTGCCCCATTCTTGATGATAATCCGGCAGCGGTAATTATACAGTCGATG
,GATGGAAGGTGATTATTGAACAGTAACATCGAGTCACGGTAAAAATGTGA
,ATTAATTTTAGTATTGATGGAAGGTGATTATTGAACAGTAACATCGAGTC
,ACTCACGCCTGTTAGTTGAAATTTCGCATTTAATTTCATGATTTTTAGGA
,TATGTTGATTTGCTGTTGCGTGCTGTTTACTCAATTGCGATATACTGTTG
,AGTTCTACAAATCGCTTGCATTTATCATGATTAACAATCATTATCATTTG
,CAGTTCTACAAATCGCTTGCATTTATCATGATTAACAATCATTATCATTT
,TTCTACAAATCGCTTGCATTTATCATGATTAACAATCATTATCATTTGCG
,AAAGAGCTGAATAATTATTCCCAAGAATTGATAGTGAGCGTAATATTCAC
,GCTTCCTCCGCGTTGTTGCATTGGATGAGGCGAATTTCCCACAATCGGGG
,CAACGTTCATAACTTTGTTGAGCACCGATACGCATTGTTGGAATTATCGC
,CAAAAAGACACTTTACCGAAGGGTTTAACATTTTTTCGTGATACTCATCA
,AAAGCGTAAGCCATCTTTTTAATGTTAATAACTAGTTAATTAAAGTGGCA
,CTGAATTTTAACCCTCTGGCGGCTTTACAGTACCTTACGCTATACTAGCC
,GGATGAGCTCCTTTTGACCAATCCCAGGAAAATTCTGCGTATTTTACCGG
,CCCTTTTAATTTTTCACTTCTAAAAGCAGTATGATGTCATAAAGTTAAGT
,CGGAGTCTCTCCCTTTTAATTTTTCACTTCTAAAAGCAGTATGATGTCAT
,CGACAAGCTGGATTGAGTACCGATTTTTTACGCGGCGATTATGCTGACAA
,TAACTTGAAGCAATTTATTTAAAAATGAATTATTAATTATTATCGTGTTG
,GGATAAGCGTTTACAGTTTTCGCAAGCTCGTAAAAGCAGTACAGTGCACC
